SampleID,Latitude,Longitude,Group,Run,SRAStudy
RP333,38.09653,-111.69225,UTA,SRR6823199,SRP134617
RP480,44.60812,-113.57627,WES,SRR6823201,SRP134616
RP477,44.58915,-113.45617,NOR,SRR6823203,SRP134615
RP332,38.65245,-111.94635,UTA,SRR6823197,SRP134618
RP476,44.2524,-113.12078,NOR,SRR6823195,SRP134619
RP475,37.74395,-119.03577,WES,SRR6823259,SRP134587
RP474,37.43397,-118.748,WES,SRR6823269,SRP134582
RP473,37.43133,-118.74947,WES,SRR6823239,SRP134597
RP472,37.43448,-118.74772,WES,SRR6823160,SRP134637
RP470,41.41775,-111.52133,UTA,SRR6823099,SRP134667
RP469,41.45222,-111.50437,UTA,SRR6823192,SRP134621
RP466,44.49063,-111.65457,NA,SRR6823271,SRP134581
RP465,44.60197,-111.4968,NA,SRR6823265,SRP134584
RP464,44.59678,-111.53612,WES,SRR6823267,SRP134583
RP331,40.31362,-111.28025,UTA,SRR6823243,SRP134595
RP463,44.56992,-112.0206,NA,SRR6823241,SRP134596
RP462,44.54178,-112.12652,WES,SRR6823215,SRP134609
RP461,44.5627,-112.143,WES,SRR6823106,SRP134664
RP458,44.8922,-111.65517,Admixed,SRR6823104,SRP134665
RP457,44.88403,-111.75262,NA,SRR6823102,SRP134666
RP456,44.89812,-111.78012,NA,SRR6823245,SRP134594
RP452,45.05487,-111.8392,Admixed,SRR6823121,SRP134656
RP451,45.08575,-111.86405,Admixed,SRR6823169,SRP134633
RP449,45.14195,-111.83497,NA,SRR6823110,SRP134661
RP445,45.45843,-111.85437,WES,SRR6823108,SRP134663
RP330,39.8727,-110.81767,UTA,SRR6823182,SRP134620
RP444,44.67577,-111.27698,NA,SRR6823125,SRP134654
RP443,44.4862,-112.11227,Admixed,SRR6823127,SRP134653
RP442,44.4642,-111.99853,NA,SRR6823229,SRP134602
RP441,44.49355,-111.7673,NA,SRR6823227,SRP134603
RP440,44.54927,-112.0913,Admixed,SRR6823231,SRP134601
RP439,45.34712,-111.52967,WES,SRR6823233,SRP134600
RP437,45.02565,-111.84602,Admixed,SRR6823237,SRP134598
RP436,45.10307,-111.87087,Admixed,SRR6823263,SRP134585
RP435,40.602,-110.34702,UTA,SRR6823261,SRP134586
RP434,38.05188,-112.16805,UTA,SRR6823257,SRP134588
RP329,39.88028,-110.76032,UTA,SRR6823140,SRP134647
RP432,37.97272,-111.8167,UTA,SRR6823138,SRP134648
RP427,41.00083,-110.3781,UTA,SRR6823112,SRP134662
RP425,40.92312,-110.40498,UTA,SRR6823142,SRP134646
RP423,40.95303,-110.46135,UTA,SRR6823150,SRP134642
RP420,40.90998,-110.54825,UTA,SRR6823148,SRP134643
RP419,40.93273,-110.56252,UTA,SRR6823168,SRP134622
RP411,40.93557,-110.70413,UTA,SRR6823170,SRP134632
RP404,38.5814,-111.47893,UTA,SRR6823177,SRP134630
RP399,40.03637,-111.2002,UTA,SRR6823156,SRP134639
RP390,39.31918,-111.47383,UTA,SRR6823146,SRP134644
RP327,39.88347,-110.77562,UTA,SRR6823152,SRP134641
RP389,39.30538,-111.38982,UTA,SRR6823178,SRP134628
RP388,39.385,-111.38755,UTA,SRR6823174,SRP134631
RP386,39.33215,-111.4331,UTA,SRR6823129,SRP134629
RP384,38.06627,-111.63338,UTA,SRR6823115,SRP134659
RP383,38.22057,-112.41435,UTA,SRR6823223,SRP134605
RP379,40.02828,-111.25833,UTA,SRR6823217,SRP134608
RP372,38.75268,-111.65188,UTA,SRR6823225,SRP134604
RP370,40.53378,-110.46438,UTA,SRR6823219,SRP134607
RP367,38.49628,-111.45813,UTA,SRR6823246,SRP134593
RP366,40.29412,-111.2513,UTA,SRR6823221,SRP134606
RP326,38.00497,-111.7126,UTA,SRR6823097,SRP134668
RP365,38.6626,-112.27527,UTA,SRR6823095,SRP134669
RP364,38.59143,-111.9396,UTA,SRR6823091,SRP134671
RP362,38.55042,-111.97152,UTA,SRR6823093,SRP134670
RP361,38.56273,-111.96758,UTA,SRR6823123,SRP134655
RP360,38.53248,-111.95263,UTA,SRR6823119,SRP134657
RP359,38.05977,-111.5913,UTA,SRR6823117,SRP134658
RP358,37.95985,-111.83832,UTA,SRR6823113,SRP134660
RP357,38.67502,-111.94302,UTA,SRR6823162,SRP134636
RP356,38.62688,-111.64732,UTA,SRR6823235,SRP134599
RP355,38.4482,-111.44933,UTA,SRR6823207,SRP134613
RP325,37.879,-111.87043,UTA,SRR6823209,SRP134612
RP354,40.53782,-110.35575,UTA,SRR6823211,SRP134611
RP353,37.83053,-111.88277,UTA,SRR6823213,SRP134610
RP352,37.92872,-111.86618,UTA,SRR6823144,SRP134645
RP350,38.80653,-111.68993,UTA,SRR6823130,SRP134652
RP349,38.81433,-111.66725,UTA,SRR6823132,SRP134651
RP348,38.5093,-111.49668,UTA,SRR6823180,SRP134627
RP347,39.08058,-111.31878,UTA,SRR6823185,SRP134625
RP346,39.08483,-111.33973,UTA,SRR6823183,SRP134626
RP345,38.07008,-112.1417,UTA,SRR6823189,SRP134623
RP344,37.98012,-111.72472,UTA,SRR6823187,SRP134624
RP324,38.21125,-112.42587,UTA,SRR6823205,SRP134614
XX063,37.98497,-111.71963,NA,SRR6823136,SRP134649
RP342,37.94403,-111.69953,UTA,SRR6823134,SRP134650
RP670,37.99905,-111.79477,UTA,SRR6823166,SRP134634
RP340,38.63022,-111.97983,UTA,SRR6823164,SRP134635
RP339,37.98475,-112.22398,UTA,SRR6823158,SRP134638
RP338,40.21893,-111.25043,UTA,SRR6823154,SRP134640
RP337,37.94522,-112.20185,UTA,SRR6823255,SRP134589
RP669,38.47878,-111.45955,UTA,SRR6823253,SRP134590
RP335,38.47513,-111.46083,UTA,SRR6823251,SRP134591
RP668,38.0143,-111.76162,UTA,SRR6823249,SRP134592
XX004,38.81373,-106.39657,NA,SRR6823010,SRP134550
RP488,39.4117,-106.17461,COL,SRR6823017,SRP134543
RP492,38.81373,-106.39657,COL,SRR6823057,SRP134503
RP483,40.19816,-105.54125,COL,SRR6822992,SRP134568
RP522,39.40197,-106.05139,COL,SRR6822993,SRP134567
RP497,39.23732,-106.29311,COL,SRR6823056,SRP134504
RP482,39.64129,-105.87073,COL,SRR6823006,SRP134553
RP012,40.684,-110.9318,UTA,SRR6822999,SRP134561
RP221,38.858,-107.1547,COL,SRR6822998,SRP134562
RP225,45.095,-113.4233,WES,SRR6823003,SRP134557
RP398,39.98658,-111.15397,UTA,SRR6823000,SRP134560
RP227,44.479,-115.3204,WES,SRR6823004,SRP134556
RP234,38.963,-106.9925,COL,SRR6823007,SRP134554
RP237,44.9711,-114.1709,NOR,SRR6823064,SRP134495
RP260,44.3547,-113.3288,NOR,SRR6823076,SRP134483
RP270,44.30075,-107.30578,COL,SRR6823008,SRP134552
RP275,41.22667,-105.38292,COL,SRR6822989,SRP134571
RP279,41.33122,-106.50222,COL,SRR6823061,SRP134499
RP301,38.87026,-106.95197,COL,SRR6823062,SRP134498
RP304,38.99427,-107.06551,Admixed,SRR6823063,SRP134497
RP306,38.86642,-106.91277,COL,SRR6823060,SRP134500
RP363,38.577,-111.94595,UTA,SRR6823078,SRP134481
RP308,38.8788,-106.99912,COL,SRR6823074,SRP134485
RP239,44.9643,-114.1931,NOR,SRR6823079,SRP134496
RP244,46.561,-112.3032,WES,SRR6823077,SRP134482
RP248,44.7734,-114.2488,NOR,SRR6823075,SRP134484
RP251,44.7414,-114.2641,NOR,SRR6823072,SRP134487
RP644,43.812,-114.6199,NOR,SRR6823071,SRP134488
RP290,39.00767,-106.99885,COL,SRR6823070,SRP134489
RP558,39.8351,-105.41198,COL,SRR6822996,SRP134564
RP559,39.8351,-105.41198,COL,SRR6822997,SRP134563
RP560,39.8351,-105.41198,COL,SRR6823073,SRP134486
RP277,42.67313,-108.8769,Admixed,SRR6823041,SRP134515
RP561,39.8351,-105.41198,COL,SRR6822995,SRP134565
RP562,39.8351,-105.41198,COL,SRR6822994,SRP134566
RP563,39.8351,-105.41198,COL,SRR6823048,SRP134512
RP564,39.8351,-105.41198,COL,SRR6822988,SRP134572
RP565,39.8351,-105.41198,COL,SRR6822991,SRP134569
RP566,39.79634,-105.77581,COL,SRR6822990,SRP134570
RP567,39.79634,-105.77581,COL,SRR6823009,SRP134551
RP568,39.79634,-105.77581,COL,SRR6823001,SRP134559
RP265,38.807,-106.5632,COL,SRR6823012,SRP134548
RP280,43.54241,-109.837,UTA,SRR6823011,SRP134549
RP373,38.72395,-111.67807,UTA,SRR6823013,SRP134547
RP281,40.60778,-108.863,COL,SRR6823005,SRP134555
RP291,39.01505,-107.0352,COL,SRR6823002,SRP134558
RP296,38.96992,-107.02673,COL,SRR6823065,SRP134494
RP538,37.36113,-108.25263,COL,SRR6823018,SRP134542
RP188,44.807,-114.2706,WES,SRR6823020,SRP134540
RP193,44.795,-113.7822,WES,SRR6823019,SRP134541
RP468,44.48527,-112.08837,WES,SRR6823021,SRP134539
RP467,44.41103,-112.00128,NA,SRR6823016,SRP134544
RP537,37.4241,-108.37922,COL,SRR6823014,SRP134546
RP294,39.01292,-106.94635,COL,SRR6823015,SRP134545
RP393,39.86445,-111.28653,UTA,SRR6823025,SRP134535
RP401,40.22407,-111.22883,UTA,SRR6823026,SRP134534
RP274,44.28276,-106.9916,COL,SRR6823058,SRP134502
RP532,39.09053,-106.14569,COL,SRR6823027,SRP134533
RP533,39.47185,-106.04304,COL,SRR6823059,SRP134501
RP528,39.36264,-106.31117,COL,SRR6823023,SRP134537
RP514,39.44145,-106.15763,COL,SRR6823022,SRP134538
RP494,39.76282,-105.72963,COL,SRR6823024,SRP134536
RP506,39.66365,-105.87838,COL,SRR6823055,SRP134505
RP496,39.20007,-106.07946,COL,SRR6823053,SRP134507
RP525,39.56659,-105.72413,COL,SRR6823052,SRP134508
RP295,38.99812,-106.9812,COL,SRR6823054,SRP134506
RP484,39.69245,-105.79584,COL,SRR6823032,SRP134528
RP489,39.45788,-106.14469,COL,SRR6823051,SRP134509
RP505,39.66887,-105.88254,COL,SRR6823050,SRP134510
RP495,39.19892,-106.26055,COL,SRR6823036,SRP134521
RP503,39.06762,-106.50527,COL,SRR6823035,SRP134525
RP486,39.35376,-106.21713,COL,SRR6823034,SRP134526
RP507,39.66007,-105.87196,COL,SRR6823031,SRP134529
RP512,39.8669,-105.59512,COL,SRR6823033,SRP134527
RP524,39.90825,-105.55647,COL,SRR6823037,SRP134523
RP491,40.10122,-105.48601,COL,SRR6823038,SRP134524
RP530,39.52868,-106.22016,COL,SRR6823039,SRP134522
RP515,39.60477,-105.90985,COL,SRR6823046,SRP134514
RP499,39.81715,-105.53634,COL,SRR6823047,SRP134513
RP513,39.85218,-105.57111,COL,SRR6823069,SRP134490
RP498,39.89079,-105.48635,COL,SRR6823049,SRP134511
RP502,39.44981,-105.77502,COL,SRR6823066,SRP134493
RP569,39.79634,-105.77581,COL,SRR6823068,SRP134491
RP501,39.77082,-105.81791,COL,SRR6823067,SRP134492
RP508,39.68685,-105.88151,COL,SRR6823040,SRP134520
RP510,39.89605,-105.60204,COL,SRR6823044,SRP134517
RP490,38.76734,-106.31962,COL,SRR6823028,SRP134531
RP527,40.13133,-105.50508,COL,SRR6823030,SRP134530
RP266,44.3051,-113.3128,NOR,SRR6823029,SRP134532
RP516,40.03459,-105.53995,COL,SRR6823045,SRP134519
RP485,40.2572,-105.53355,COL,SRR6823042,SRP134516
RP500,39.61232,-105.71661,COL,SRR6823043,SRP134518
RP232,44.7025,-114.3158,WES,SRR6821995,SRP134362
RP233,45.6022,-113.6825,WES,SRR6821996,SRP134361
RP235,44.3763,-113.4127,NOR,SRR6821994,SRP134363
RP236,39.765,-110.9163,UTA,SRR6822005,SRP134352
RP240,44.7376,-114.2977,NOR,SRR6821999,SRP134358
RP241,44.6835,-114.3425,NOR,SRR6822000,SRP134357
RP242,44.6928,-114.3353,NOR,SRR6821997,SRP134360
RP245,38.768,-106.766,COL,SRR6821998,SRP134359
RP249,44.8409,-114.2742,WES,SRR6822014,SRP134343
RP254,45.17,-113.5205,WES,SRR6822013,SRP134344
RP104,44.426,-112.8945,NOR,SRR6822006,SRP134351
RP255,38.727,-106.7618,COL,SRR6822015,SRP134342
RP256,44.727,-114.6374,NOR,SRR6822017,SRP134340
RP259,44.6211,-114.5079,NOR,SRR6822016,SRP134341
RP261,38.7461,-106.673,COL,SRR6822018,SRP134339
RP262,38.758,-106.6803,COL,SRR6822023,SRP134334
RP264,44.5897,-114.448,NOR,SRR6822050,SRP134306
RP273,42.74451,-106.3251,COL,SRR6822024,SRP134333
RP278,41.33917,-106.37528,COL,SRR6822026,SRP134332
RP368,40.56498,-110.50452,UTA,SRR6822025,SRP134331
RP369,40.55498,-110.48873,UTA,SRR6822033,SRP134324
RP132,44.6435,-114.5416,NOR,SRR6822034,SRP134323
RP375,39.83448,-111.72215,UTA,SRR6822019,SRP134338
RP377,39.87908,-111.68562,UTA,SRR6822021,SRP134336
RP381,39.3141,-111.36673,UTA,SRR6822020,SRP134337
RP382,38.6796,-112.28585,UTA,SRR6822022,SRP134335
RP387,39.31997,-111.41032,UTA,SRR6822072,SRP134285
RP391,39.90688,-111.24165,UTA,SRR6822074,SRP134283
RP392,39.88333,-111.26383,UTA,SRR6822073,SRP134284
RP645,39.8251,-111.35645,UTA,SRR6822071,SRP134286
RP396,39.7489,-111.32355,UTA,SRR6822066,SRP134291
RP646,39.69333,-111.32828,UTA,SRR6822065,SRP134292
RP176,42.475,-110.6166,Admixed,SRR6822057,SRP134300
RP400,40.58565,-110.33055,UTA,SRR6822040,SRP134317
RP402,38.60998,-111.67165,UTA,SRR6822039,SRP134319
RP647,38.45565,-111.45263,UTA,SRR6822044,SRP134313
RP405,38.25455,-112.33197,UTA,SRR6822070,SRP134287
RP648,38.2235,-112.3766,UTA,SRR6822043,SRP134314
RP407,38.26385,-112.38053,UTA,SRR6822068,SRP134289
RP408,38.22568,-112.43942,UTA,SRR6822067,SRP134290
RP409,38.67505,-111.66268,UTA,SRR6822069,SRP134288
RP410,40.91982,-110.76753,UTA,SRR6821984,SRP134372
RP414,40.95693,-110.67597,UTA,SRR6821986,SRP134371
RP183,44.855,-118.2638,WES,SRR6821987,SRP134368
RP417,40.8967,-110.66203,UTA,SRR6821989,SRP134369
RP418,40.94707,-110.5829,UTA,SRR6821988,SRP134370
RP422,40.95707,-110.5039,UTA,SRR6821990,SRP134367
RP426,40.95452,-110.39298,UTA,SRR6821991,SRP134366
RP428,41.01083,-110.35695,UTA,SRR6822027,SRP134330
RP429,40.9819,-110.34542,UTA,SRR6822028,SRP134329
RP430,40.95428,-110.31737,UTA,SRR6822030,SRP134327
RP433,38.61255,-111.96795,UTA,SRR6822029,SRP134328
RP641,44.8867,-111.35628,WES,SRR6822031,SRP134326
RP195,37.8076,-109.8187,COL,SRR6822032,SRP134325
RP448,44.92322,-111.35938,WES,SRR6821985,SRP134373
RP450,45.12525,-111.862,WES,SRR6822046,SRP134311
RP453,44.99228,-111.85813,UTA,SRR6822051,SRP134308
RP455,44.92487,-111.83623,Admixed,SRR6822052,SRP134305
RP459,44.86222,-111.62193,NA,SRR6822049,SRP134307
RP460,40.61595,-111.50738,Admixed,SRR6822047,SRP134310
RP471,41.47532,-111.48393,UTA,SRR6822048,SRP134309
RP649,44.57703,-113.47208,WES,SRR6822045,SRP134312
RP479,44.64368,-113.53183,WES,SRR6822035,SRP134322
XX064,44.95627,-111.85998,NA,SRR6822038,SRP134318
RP220,38.666,-106.8387,COL,SRR6822037,SRP134320
RP581,38.361133,-108.252633,COL,SRR6822053,SRP134304
RP591,38.440633,-107.642283,COL,SRR6822054,SRP134303
RP592,37.648167,-106.651917,COL,SRR6822042,SRP134315
RP593,37.64675,-106.588833,COL,SRR6822041,SRP134316
RP595,37.579183,-108.15705,COL,SRR6822036,SRP134321
RP596,37.369417,-108.078667,COL,SRR6822008,SRP134349
RP597,37.39475,-108.0688,NA,SRR6822010,SRP134347
RP598,37.600883,-105.2121,COL,SRR6822007,SRP134348
RP603,37.754867,-108.00705,COL,SRR6822056,SRP134301
RP604,37.616283,-106.675783,COL,SRR6822011,SRP134346
RP224,45.4425,-113.8384,WES,SRR6822012,SRP134345
RP605,38.332333,-108.107483,COL,SRR6822009,SRP134350
RP606,38.319467,-108.14,COL,SRR6822061,SRP134296
RP607,38.486833,-108.573067,COL,SRR6822062,SRP134295
RP608,38.5211,-108.603317,COL,SRR6822059,SRP134298
RP622,39.950023,-105.504519,COL,SRR6822058,SRP134299
RP624,40.01737,-105.53209,COL,SRR6822060,SRP134297
RP625,38.987883,-106.429597,COL,SRR6822064,SRP134293
RP627,39.274043,-106.309739,COL,SRR6822063,SRP134294
RP630,39.888743,-105.609193,COL,SRR6822055,SRP134302
RP631,39.904039,-105.497315,COL,SRR6822003,SRP134353
RP229,38.828,-106.8353,COL,SRR6822001,SRP134355
RP632,39.58852,-106.044552,COL,SRR6822004,SRP134354
RP633,39.626107,-105.708153,COL,SRR6822002,SRP134356
XX044,38.838818,-106.413099,NA,SRR6821993,SRP134365
RP230,44.503,-114.7532,WES,SRR6821992,SRP134364
RP601,37.780067,-106.818183,COL,SRR6822972,SRP134400
RP662,39.00355,-107.940917,COL,SRR6822975,SRP134397
RP600,37.381033,-108.077367,COL,SRR6822932,SRP134437
RP424,40.94293,-110.4175,UTA,SRR6822895,SRP134474
RP421,40.9567,-110.55885,UTA,SRR6822896,SRP134473
HZ140,44.494,-114.734,NOR,SRR6822897,SRP134472
RP659,39.0461,-108.068117,COL,SRR6822898,SRP134479
RP415,40.92935,-110.61498,UTA,SRR6822908,SRP134463
RP658,39.049967,-108.081033,COL,SRR6822907,SRP134464
RP413,40.9506,-110.64735,UTA,SRR6822945,SRP134427
RP657,39.059633,-108.054067,COL,SRR6822953,SRP134419
RP380,38.69638,-111.9379,UTA,SRR6822969,SRP134403
RP656,39.025817,-108.0736,COL,SRR6822968,SRP134404
RP378,39.91908,-111.63362,UTA,SRR6822961,SRP134411
RP655,39.004283,-108.1101,COL,SRR6822960,SRP134412
HZ121,44.475,-114.7307,NOR,SRR6822963,SRP134409
RP376,39.84242,-111.72177,UTA,SRR6822962,SRP134410
RP654,39.004067,-108.145583,COL,SRR6822965,SRP134407
HZ117,44.475,-114.7307,NOR,SRR6822964,SRP134408
RP374,39.8126,-111.69457,UTA,SRR6822967,SRP134405
RP653,39.00605,-108.199717,COL,SRR6822966,SRP134406
HZ110,44.45728,-114.75288,NOR,SRR6822970,SRP134402
RP365b,38.6626,-112.27527,NA,SRR6822971,SRP134401
RP661,39.03025,-107.996333,COL,SRR6822978,SRP134394
RP660,39.028133,-108.032517,COL,SRR6822919,SRP134452
RP635,40.92935,-110.61498,UTA,SRR6822911,SRP134460
HZ444,44.7471,-114.26055,NOR,SRR6822910,SRP134461
RP629,39.32787,-106.059082,COL,SRR6822918,SRP134451
RP626,38.422137,-106.132842,COL,SRR6822903,SRP134466
RP623,38.702642,-106.349831,COL,SRR6822904,SRP134465
RP621,44.57654,-113.47087,NOR,SRR6822905,SRP134467
HZ411,44.7943,-114.258367,WES,SRR6822923,SRP134447
HZ374,44.861967,-114.295217,NOR,SRR6822920,SRP134450
RP617,44.1934,-113.73622,NOR,SRR6822921,SRP134449
HZ365,45.11455,-114.07825,WES,SRR6822927,SRP134477
RP616,44.40283,-114.38317,NOR,SRR6822916,SRP134454
HZ349,45.083733,-114.089667,NOR,SRR6822909,SRP134462
RP611,37.485433,-106.768533,COL,SRR6822917,SRP134453
RP610,38.65595,-108.699867,COL,SRR6822901,SRP134470
HZ337,44.7926,-113.778883,NOR,SRR6822902,SRP134469
RP609,38.596617,-108.6557,COL,SRR6822922,SRP134448
HZ334,44.797467,-113.803217,NOR,SRR6822906,SRP134468
RP602,37.796117,-106.80165,COL,SRR6822899,SRP134471
HZ300,44.792383,-113.776183,NOR,SRR6822900,SRP134478
HZ422,44.832783,-114.2547,WES,SRR6822974,SRP134398
RP154,36.449,-118.2289,WES,SRR6822976,SRP134396
HZ024,44.96483,-114.07462,NOR,SRR6822979,SRP134393
RP135,45.551,-113.7742,NOR,SRR6822977,SRP134395
HZ015,44.97067,-114.08585,NOR,SRR6822894,SRP134476
XX059,45.072133,-114.085823,NA,SRR6822973,SRP134399
RP652,39.036417,-108.187733,COL,SRR6822893,SRP134475
RP086,38.73,-106.8201,COL,SRR6822931,SRP134439
HZ170,44.58188,-114.41673,NOR,SRR6822933,SRP134436
RP651,39.025367,-108.22365,COL,SRR6822925,SRP134445
HZ160,44.45728,-114.75288,NOR,SRR6822924,SRP134446
RP650,39.012517,-108.23495,COL,SRR6822930,SRP134441
HZ156,44.503,-114.7532,NOR,SRR6822937,SRP134455
RP643,38.2851,-107.367,COL,SRR6822949,SRP134423
HZ152,44.503,-114.7532,WES,SRR6822948,SRP134424
RP638,37.975267,-112.217267,UTA,SRR6822947,SRP134425
HZ143,44.494,-114.734,NOR,SRR6822946,SRP134426
RP636,44.84345,-114.272933,WES,SRR6822938,SRP134432
HZ449,44.441583,-114.733583,WES,SRR6822939,SRP134431
RP117,44.962,-114.0733,NOR,SRR6822936,SRP134433
HZ104,44.45728,-114.75288,NOR,SRR6822959,SRP134413
RP670b,37.99905,-111.79477,NA,SRR6822958,SRP134414
HZ102,44.45728,-114.75288,WES,SRR6822940,SRP134430
RP669b,38.47878,-111.45955,NA,SRR6822941,SRP134440
HZ097,44.44338,-114.73413,WES,SRR6822942,SRP134429
RP668b,38.0143,-111.76162,NA,SRR6822943,SRP134438
HZ088,44.44338,-114.73413,WES,SRR6822944,SRP134428
HZ068,44.397,-114.39117,NOR,SRR6822952,SRP134420
RP328,39.87903,-110.7997,UTA,SRR6822951,SRP134421
RP285,38.53158,-106.32417,COL,SRR6822950,SRP134422
RP272,40.5206,-105.8927,COL,SRR6822957,SRP134415
HZ062,44.58188,-114.41673,NOR,SRR6822956,SRP134416
RP270b,44.30075,-107.30578,NA,SRR6822955,SRP134417
HZ057,44.58188,-114.41673,NOR,SRR6822954,SRP134418
RP263,45.5697,-113.7065,WES,SRR6822914,SRP134457
HZ053,45.12658,-114.13663,WES,SRR6822913,SRP134458
RP258,44.6225,-114.5137,NOR,SRR6822912,SRP134459
HZ041,45.03348,-114.10645,WES,SRR6822915,SRP134456
RP223,44.37,-115.397,WES,SRR6822926,SRP134444
HZ037,44.96267,-114.0697,NOR,SRR6822928,SRP134443
RP207,37.516,-112.7042,UTA,SRR6822929,SRP134442
RP008,40.435,-111.616,UTA,SRR1800920,SRP054739
RP110,38.7257,-106.7594,COL,SRR1800924,SRP054739
RP114,45.336,-114.0039,WES,SRR1801050,SRP054739
RP120,45.125,-114.1472,WES,SRR1800940,SRP054739
RP003,44.62,-114.5141,NOR,SRR1801003,SRP054739
RP105,44.604,-114.5424,WES,SRR1801026,SRP054739
RP101,44.027,-113.453,NOR,SRR1800953,SRP054739
RP108,44.142,-113.7222,NOR,SRR1800949,SRP054739
RP107,44.66,-114.5424,NOR,SRR1800972,SRP054739
RP099,42.144,-114.2428,NOR,SRR1801030,SRP054739
RP093,38.793,-116.8592,UTA,SRR1801019,SRP054739
RP097,45.853,-113.4385,NA,SRR1800977,SRP054739
RP067,38.707,-106.8045,COL,SRR1800890,SRP054739
RP091,42.163,-114.2638,NOR,SRR1800934,SRP054739
RP028,42.499,-110.7949,Admixed,SRR1800891,SRP054739
RP037,44.406,-115.2858,WES,SRR1800964,SRP054739
RP203,44.729,-114.3323,NOR,SRR1800906,SRP054739
RP199,44.404,-103.9384,COL,SRR1800889,SRP054739
RP138,44.963,-114.6558,NOR,SRR1801001,SRP054739
RP085,38.301,-107.3558,COL,SRR1801011,SRP054739
RP014,41.844,-115.4473,NOR,SRR1800994,SRP054739
RP036,38.9885,-107.0068,COL,SRR1800899,SRP054739
RP041,44.965,-114.6021,WES,SRR1801022,SRP054739
RP049,44.941,-113.8474,NOR,SRR1801041,SRP054739
RP064,44.674,-114.5582,NOR,SRR1800926,SRP054739
RP065,38.9761,-106.9897,COL,SRR1800980,SRP054739
RP079,44.494,-114.734,NOR,SRR1801023,SRP054739
RP033,43.497,-110.9544,WES,SRR1801018,SRP054739
RP001,38.506,-109.3189,COL,SRR1800874,SRP054739
RP077,38.9695,-106.9672,COL,SRR1800983,SRP054739
RP026,40.693,-109.4946,COL,SRR1800925,SRP054739
RP031,39.761,-110.9194,COL,SRR1800936,SRP054739
RP016,43.792,-114.5737,NOR,SRR1801039,SRP054739
RP175,38.976,-106.9986,COL,SRR1800992,SRP054739
RP213,44.536,-112.618,NOR,SRR1800954,SRP054739
RP180,unknown,unknown,NA,SRR1800962,SRP054739
RP211,45.541,-113.8265,NA,SRR1801024,SRP054739
RP169,44.457,-114.7529,NOR,SRR1801049,SRP054739
RP216,44.718,-114.6219,NOR,SRR1800929,SRP054739
RP173,41.801,-115.479,NOR,SRR1801016,SRP054739
RP215,44.556,-112.639,NA,SRR1800968,SRP054739
RP162,43.875,-114.7149,NOR,SRR1800996,SRP054739
RP219,38.965,-112.0988,UTA,SRR1800935,SRP054739
RP167,44.416,-115.4703,WES,SRR1800897,SRP054739
RP218,45.634,-112.925,NA,SRR1801028,SRP054739
RP024,44.355,-113.2623,NOR,SRR1801005,SRP054739
RP159,44.492,-115.007,NOR,SRR1800922,SRP054739
RP018,44.453,-112.9163,NA,SRR1801027,SRP054739
RP161,46.268,-111.9275,WES,SRR1801045,SRP054739
RP158,45.87,-113.2264,NA,SRR1800937,SRP054739
RP182,unknown,unknown,NA,SRR1801025,SRP054739
RP080,44.9663,-114.0854,NOR,SRR1800963,SRP054739
RP187,41.746,-115.4676,NOR,SRR1800919,SRP054739
RP082,44.364,-113.234,NOR,SRR1800947,SRP054739
RP185,43.931,-114.8528,NOR,SRR1800895,SRP054739
RP084,44.523,-112.1925,NA,SRR1800888,SRP054739
RP087,44.1826,-113.7429,NOR,SRR1800930,SRP054739
RP202,45.1185,-114.1584,WES,SRR1800877,SRP054739
RP137,44.968,-114.121,WES,SRR1800965,SRP054739
RP200,44.296,-115.4799,WES,SRR1800916,SRP054739
RP015,38.945,-106.9884,COL,SRR1800885,SRP054739
RP197,44.348,-113.4761,NOR,SRR1801002,SRP054739
RP075,40.736,-110.8676,UTA,SRR1800880,SRP054739
RP076,44.941,-114.1211,WES,SRR1800973,SRP054739
RP209,45.537,-113.8291,NA,SRR1801007,SRP054739
RP206,44.2316,-113.8381,NOR,SRR1801015,SRP054739
RP204,44.9706,-114.0863,NOR,SRR1800938,SRP054739
RP156,38.958,-106.9888,COL,SRR1800914,SRP054739
RP109,45.547,-113.7632,WES,SRR1800939,SRP054739
RP111,38.762,-106.8628,COL,SRR1800917,SRP054739
RP106,45.72,-113.9942,WES,SRR1800912,SRP054739
RP121,44.3745,-113.3883,NOR,SRR1801006,SRP054739
RP122,44.8413,-114.2723,WES,SRR1800961,SRP054739
RP115,45.141,-113.4695,WES,SRR1801034,SRP054739
RP118,44.9743,-114.085,NOR,SRR1800918,SRP054739
RP131,38.051,-119.2502,WES,SRR1801012,SRP054739
RP127,43.804,-114.6431,NOR,SRR1800923,SRP054739
RP125,39.684,-105.6071,COL,SRR1800946,SRP054739
RP046,44.366,-115.1435,WES,SRR1800904,SRP054739
RP054,44.5916,-114.4533,NOR,SRR1801010,SRP054739
RP057,38.692,-106.8229,COL,SRR1800909,SRP054739
RP059,44.346,-113.265,NOR,SRR1800933,SRP054739
RP088,42.139,-114.2085,NOR,SRR1801020,SRP054739
RP092,44.912,-114.3866,WES,SRR1800959,SRP054739
RP096,42.581,-110.7396,Admixed,SRR1800974,SRP054739
RP095,42.596,-110.5083,UTA,SRR1801017,SRP054739
RP103,44.6069,-114.5339,NOR,SRR1801048,SRP054739
RP098,44.444,-115.0893,WES,SRR1800970,SRP054739
RP010,44.622,-114.4968,NOR,SRR1800976,SRP054739
RP017,45.6544,-113.7867,WES,SRR1801043,SRP054739
RP100,38.51,-109.3188,COL,SRR1800998,SRP054739
RP217,43.003,-109.7539,Admixed,SRR1800882,SRP054739
RP165,36.406,-112.0917,UTA,SRR1800893,SRP054739
RP198,44.421,-112.876,NA,SRR1800905,SRP054739
RP190,41.922,-111.4783,UTA,SRR1801032,SRP054739
RP160,44.3904,-113.4183,NOR,SRR1800879,SRP054739
RP155,42.506,-110.6781,Admixed,SRR1800955,SRP054739
RP153,38.543,-109.3018,COL,SRR1800984,SRP054739
RP139,40.544,-106.625,COL,SRR1800902,SRP054739
RP149,43.768,-113.9014,WES,SRR1800913,SRP054739
RP151,38.85,-107.1009,COL,SRR1801038,SRP054739
RP164,38.963,-106.9876,COL,SRR1800956,SRP054739
RP319,44.17648,-113.77137,NOR,SRR1800997,SRP054739
RP044,42.97,-109.7662,Admixed,SRR1801036,SRP054739
RP321,44.1972,-113.7568,NOR,SRR1801046,SRP054739
RP029,38.856,-107.0613,COL,SRR1800884,SRP054739
RP083,38.775,-106.6269,COL,SRR1801044,SRP054739
RP317,44.181767,-113.75175,NOR,SRR1800950,SRP054739
RP051,38.898,-107.2026,COL,SRR1800873,SRP054739
RP210,44.834,-118.2477,WES,SRR1800941,SRP054739
RP196,40.823,-110.8634,UTA,SRR1801029,SRP054739
RP322,44.185167,-113.766,NOR,SRR1800900,SRP054739
RP311,44.187667,-113.753333,NOR,SRR1800952,SRP054739
RP312,44.18955,-113.743433,NOR,SRR1800995,SRP054739
RP323,44.179833,-113.775167,NOR,SRR1800887,SRP054739
RP314,44.18378,-113.72662,NOR,SRR1801021,SRP054739
RP192,44.411,-115.372,WES,SRR1800978,SRP054739
RP179,44.791,-113.3126,NOR,SRR1800907,SRP054739
RP181,37.612,-112.8303,UTA,SRR1800993,SRP054739
RP150,45.679,-113.8328,WES,SRR1800878,SRP054739
RP152,39.864,-105.4447,COL,SRR1800886,SRP054739
RP146,39,-107.0223,COL,SRR1800987,SRP054739
RP053,44.288,-115.4813,WES,SRR1800989,SRP054739
RP032,40.39963,-106.119,COL,SRR1800883,SRP054739
RP042,40.001,-105.4681,COL,SRR1800982,SRP054739
RP035,44.61562,-114.51843,NOR,SRR1801013,SRP054739
HET21,39.64888,-107.15913,COL,SRR1801009,SRP054739
RP034,39.90667,-105.51717,COL,SRR1800931,SRP054739
RP147,44.475,-114.7307,WES,SRR1800928,SRP054739
RP320,44.1727,-113.77018,NOR,SRR1800910,SRP054739
RP130,45.534,-113.08,WES,SRR1800908,SRP054739
RP313,44.188417,-113.74665,NOR,SRR1801035,SRP054739
RP316,44.19465,-113.741267,NOR,SRR1800875,SRP054739
RP166,44.41,-114.4077,NOR,SRR1800932,SRP054739
RP174,45.1564,-114.1517,WES,SRR1801000,SRP054739
RP214,38.966,-111.5722,UTA,SRR1801004,SRP054739
RP184,43.839,-114.2947,NOR,SRR1800986,SRP054739
RP128,45.1155,-114.1442,WES,SRR1800999,SRP054739
RP133,40.08,-105.5325,COL,SRR1800979,SRP054739
RP140,42.322,-113.6194,NOR,SRR1800960,SRP054739
RP048,44.616,-114.5184,NOR,SRR1800911,SRP054739
RP021,37.913,-119.2576,WES,SRR1800988,SRP054739
RP148,48.706,-120.6722,WES,SRR1801042,SRP054739
RP141,44.551,-112.6168,NOR,SRR1800958,SRP054739
RP145,40.612,-115.3709,UTA,SRR1800881,SRP054739
RP143,42.485,-110.545,UTA,SRR1800942,SRP054739
RP116,44.642,-114.529,NOR,SRR1801008,SRP054739
RP126,44.865,-114.298,WES,SRR1800915,SRP054739
RP089,45.2,-115.9902,WES,SRR1801047,SRP054739
RP094,44.754,-114.6794,NOR,SRR1800971,SRP054739
RP078,44.967,-114.0853,NOR,SRR1800985,SRP054739
RP074,45.703,-113.9852,WES,SRR1800892,SRP054739
RP073,39.951,-105.5936,COL,SRR1800901,SRP054739
RP072,45.705,-113.9887,WES,SRR1800966,SRP054739
RP070,45.71,-113.9981,WES,SRR1800903,SRP054739
RP069,44.948,-114.0741,NOR,SRR1801040,SRP054739
RP061,44.4112,-113.4175,NOR,SRR1800991,SRP054739
RP058,40.309,-106.0621,COL,SRR1800921,SRP054739