lg,cM,marker,chr,mb
2,2.994,c2p0.340147,2,0.340147
2,4.147,c2p0.585214,2,0.585214
2,6.532,c2p0.669177,2,0.669177
2,5.032,c2p0.798276,2,0.798276
2,5.138,c2p0.798351,2,0.798351
2,2.167,c2p0.798441,2,0.798441
2,1.941,c2p0.798452,2,0.798452
2,5.866,c2p0.865352,2,0.865352
2,7.762,c2p1.084315,2,1.084315
2,15.045,c2p2.542740,2,2.54274
2,16.142,c2p2.652933,2,2.652933
2,15.861,c2p2.652950,2,2.65295
2,14.11,c2p2.711990,2,2.71199
2,12.452,c2p2.758221,2,2.758221
2,12.26,c2p2.758264,2,2.758264
2,17.091,c2p2.892399,2,2.892399
2,19.448,c2p2.989689,2,2.989689
2,17.396,c2p3.009314,2,3.009314
2,17.529,c2p3.009338,2,3.009338
2,17.766,c2p3.062110,2,3.06211
2,16.993,c2p3.112659,2,3.112659
2,13.369,c2p3.116602,2,3.116602
2,14.523,c2p3.144932,2,3.144932
2,13.695,c2p3.256611,2,3.256611
2,22.455,c2p3.257208,2,3.257208
2,16.749,c2p3.266629,2,3.266629
2,14.694,c2p3.448454,2,3.448454
2,16.424,c2p3.541077,2,3.541077
2,21.566,c2p3.860452,2,3.860452
2,20.774,c2p4.199410,2,4.19941
2,20.734,c2p4.199426,2,4.199426
2,19.212,c2p4.245372,2,4.245372
2,20,c2p4.579824,2,4.579824
2,28.34,c2p7.700674,2,7.700674
2,25.672,c2p7.964862,2,7.964862
2,30.139,c2p7.987770,2,7.98777
2,30.872,c2p8.022689,2,8.022689
2,32.603,c2p8.316918,2,8.316918
2,29.297,c2p9.428843,2,9.428843
2,31.511,c2p9.428940,2,9.42894
2,31.956,c2p9.428974,2,9.428974
2,34.076,c2p9.498962,2,9.498962
2,32.975,c2p9.725416,2,9.725416
2,36.017,c2p10.366085,2,10.366085
2,37.101,c2p10.453746,2,10.453746
2,35.545,c2p10.629700,2,10.6297
2,40.543,c2p10.980592,2,10.980592
2,40.21,c2p11.097805,2,11.097805
2,37.87,c2p11.560173,2,11.560173
2,39.468,c2p11.748371,2,11.748371
2,41.494,c2p11.846608,2,11.846608
2,46.033,c2p12.283143,2,12.283143
2,46.195,c2p12.283183,2,12.283183
2,45.093,c2p12.510643,2,12.510643
2,49.318,c2p12.588160,2,12.58816
2,48.889,c2p12.588187,2,12.588187
2,49.056,c2p12.588217,2,12.588217
2,44.768,c2p12.910465,2,12.910465
2,47.124,c2p12.934434,2,12.934434
2,46.816,c2p12.934467,2,12.934467
2,47.561,c2p13.039619,2,13.039619
2,52.903,c2p13.318039,2,13.318039
2,52.982,c2p13.318114,2,13.318114
2,53.394,c2p13.354813,2,13.354813
2,51.646,c2p13.382013,2,13.382013
2,52.202,c2p13.419743,2,13.419743
2,52.507,c2p13.455273,2,13.455273
2,55.4,c2p13.754506,2,13.754506
2,55.214,c2p13.931647,2,13.931647
2,55.714,c2p13.931708,2,13.931708
2,56.156,c2p13.936786,2,13.936786
2,54.812,c2p13.936859,2,13.936859
2,56.738,c2p14.007648,2,14.007648
2,57.169,c2p14.137056,2,14.137056
2,57.731,c2p14.243170,2,14.24317
2,57.955,c2p14.243179,2,14.243179
2,57.883,c2p14.243188,2,14.243188
2,59.925,c2p14.327992,2,14.327992
2,60.141,c2p14.328018,2,14.328018
2,58.572,c2p14.447216,2,14.447216
2,59.694,c2p14.447295,2,14.447295
2,58.99,c2p14.505726,2,14.505726
2,61.789,c2p14.539373,2,14.539373
2,61.706,c2p14.539382,2,14.539382
2,62.981,c2p14.608026,2,14.608026
2,62.184,c2p14.639874,2,14.639874
2,63.951,c2p14.687310,2,14.68731
2,63.863,c2p14.724602,2,14.724602
2,64.262,c2p14.779402,2,14.779402
2,64.176,c2p14.779438,2,14.779438
2,66.967,c2p14.831996,2,14.831996
2,60.317,c2p14.836815,2,14.836815
2,63.147,c2p14.850759,2,14.850759
2,63.258,c2p14.850776,2,14.850776
2,61.018,c2p14.916069,2,14.916069
2,61.004,c2p14.916086,2,14.916086
2,60.944,c2p14.916099,2,14.916099
2,62.829,c2p14.955871,2,14.955871
2,64.761,c2p14.958136,2,14.958136
2,62.018,c2p15.032877,2,15.032877
2,62.404,c2p15.219849,2,15.219849
2,66.626,c2p15.267531,2,15.267531
2,65.008,c2p15.296700,2,15.2967
2,65.067,c2p15.296733,2,15.296733
2,64.851,c2p15.358950,2,15.35895
2,66.398,c2p15.375621,2,15.375621
2,62.605,c2p15.485337,2,15.485337
2,65.249,c2p15.524291,2,15.524291
2,64.483,c2p15.809412,2,15.809412
2,67.366,c2p15.885591,2,15.885591
2,60.671,c2p15.896429,2,15.896429
2,61.381,c2p15.925212,2,15.925212
2,67.695,c2p15.931384,2,15.931384
2,67.912,c2p15.931448,2,15.931448
2,66.024,c2p15.944174,2,15.944174
2,65.189,c2p16.028641,2,16.028641
2,65.535,c2p16.073776,2,16.073776
2,66.205,c2p16.240253,2,16.240253
2,65.782,c2p16.246039,2,16.246039
2,65.653,c2p16.246046,2,16.246046
2,65.29,c2p16.430177,2,16.430177
2,65.405,c2p16.432247,2,16.432247
2,66.807,c2p16.558527,2,16.558527
2,66.543,c2p16.558566,2,16.558566
2,63.734,c2p16.577862,2,16.577862
2,67.11,c2p16.615358,2,16.615358
2,73.733,c2p16.897186,2,16.897186
2,69.263,c2p17.031713,2,17.031713
2,68.821,c2p17.093675,2,17.093675
2,69.836,c2p17.163866,2,17.163866
2,73.241,c2p17.295338,2,17.295338
2,70.464,c2p17.323093,2,17.323093
2,69.513,c2p17.574057,2,17.574057
2,69.352,c2p17.574067,2,17.574067
2,70.047,c2p17.612587,2,17.612587
2,70.555,c2p17.655482,2,17.655482
2,70.619,c2p17.655493,2,17.655493
2,70.611,c2p17.655548,2,17.655548
2,72.15,c2p17.664839,2,17.664839
2,71.987,c2p17.709578,2,17.709578
2,70.919,c2p17.794865,2,17.794865
2,68.355,c2p17.801915,2,17.801915
2,71.07,c2p17.841161,2,17.841161
2,72.744,c2p17.865523,2,17.865523
2,71.185,c2p17.865534,2,17.865534
2,71.522,c2p17.963869,2,17.963869
2,63.436,c2p18.211429,2,18.211429
2,74.494,c2p18.397365,2,18.397365
2,75.797,c2p18.544563,2,18.544563
2,74.772,c2p18.698825,2,18.698825
2,73.099,c2p18.873525,2,18.873525
2,73.969,c2p18.879956,2,18.879956
2,76.376,c2p18.934573,2,18.934573
2,71.815,c2p18.952735,2,18.952735
5,0,c5p0.114369,5,0.114369
5,4.638,c5p0.127230,5,0.12723
5,7.253,c5p0.137864,5,0.137864
5,3.725,c5p0.153921,5,0.153921
5,7.906,c5p0.218386,5,0.218386
5,5.162,c5p0.487936,5,0.487936
5,6.737,c5p0.559392,5,0.559392
5,6.269,c5p0.559534,5,0.559534
5,8.624,c5p0.614377,5,0.614377
5,9.227,c5p0.648109,5,0.648109
5,11.349,c5p0.660041,5,0.660041
5,11.177,c5p0.660093,5,0.660093
5,9.835,c5p0.743599,5,0.743599
5,13.987,c5p0.777027,5,0.777027
5,14.108,c5p0.777067,5,0.777067
5,11.738,c5p0.899431,5,0.899431
5,13.483,c5p1.534753,5,1.534753
5,13.428,c5p1.534767,5,1.534767
5,13.284,c5p1.983697,5,1.983697
5,10.415,c5p2.121877,5,2.121877
5,13.036,c5p2.169225,5,2.169225
5,14.97,c5p2.424340,5,2.42434
5,16.223,c5p2.637884,5,2.637884
5,15.481,c5p2.922473,5,2.922473
5,16.576,c5p3.029269,5,3.029269
5,15.885,c5p3.156211,5,3.156211
5,19.28,c5p3.173977,5,3.173977
5,18.303,c5p3.497735,5,3.497735
5,1.302,c5p3.542752,5,3.542752
5,2.06,c5p3.542821,5,3.542821
5,21.829,c5p3.589061,5,3.589061
5,21.205,c5p3.592400,5,3.5924
5,20.517,c5p3.631382,5,3.631382
5,18.847,c5p3.811102,5,3.811102
5,18.896,c5p3.811144,5,3.811144
5,18.761,c5p3.811156,5,3.811156
5,18.835,c5p3.811180,5,3.81118
5,17.691,c5p3.896267,5,3.896267
5,17.949,c5p4.098885,5,4.098885
5,19.802,c5p4.099024,5,4.099024
5,24.255,c5p4.945283,5,4.945283
5,26.476,c5p5.044176,5,5.044176
5,25.251,c5p5.068944,5,5.068944
5,27.008,c5p5.070050,5,5.07005
5,12.383,c5p6.846346,5,6.846346
5,30.818,c5p6.850970,5,6.85097
5,30.702,c5p6.850984,5,6.850984
5,31.713,c5p6.855451,5,6.855451
5,32,c5p6.869418,5,6.869418
5,32.072,c5p6.869447,5,6.869447
5,29.998,c5p7.078901,5,7.078901
5,27.885,c5p9.464693,5,9.464693
5,32.397,c5p9.483074,5,9.483074
5,33.185,c5p9.865876,5,9.865876
5,33.695,c5p10.397603,5,10.397603
5,32.836,c5p10.656604,5,10.656604
5,32.722,c5p10.656613,5,10.656613
5,31.854,c5p10.765509,5,10.765509
5,31.236,c5p10.836998,5,10.836998
5,30.505,c5p10.862066,5,10.862066
5,34.247,c5p11.139007,5,11.139007
5,34.754,c5p11.472787,5,11.472787
5,38.384,c5p11.561125,5,11.561125
5,36.192,c5p11.571957,5,11.571957
5,33.971,c5p11.584332,5,11.584332
5,38.02,c5p11.645877,5,11.645877
5,36.762,c5p11.679008,5,11.679008
5,36.653,c5p11.679019,5,11.679019
5,36.497,c5p11.679046,5,11.679046
5,35.094,c5p11.753744,5,11.753744
5,29.554,c5p11.870403,5,11.870403
5,35.513,c5p11.924630,5,11.92463
5,28.507,c5p11.975128,5,11.975128
5,28.915,c5p11.975158,5,11.975158
5,37.334,c5p11.975284,5,11.975284
5,35.742,c5p11.999108,5,11.999108
5,37.66,c5p12.257164,5,12.257164
5,39.024,c5p12.336718,5,12.336718
5,35.24,c5p12.340167,5,12.340167
5,34.477,c5p12.372675,5,12.372675
5,39.772,c5p12.465470,5,12.46547
5,40.304,c5p12.465485,5,12.465485
5,39.607,c5p12.465499,5,12.465499
5,41.496,c5p12.721185,5,12.721185
5,42.934,c5p12.792396,5,12.792396
5,43.614,c5p12.836663,5,12.836663
5,42.436,c5p12.859599,5,12.859599
5,45.132,c5p13.204980,5,13.20498
5,45.442,c5p13.240459,5,13.240459
5,48.28,c5p13.306457,5,13.306457
5,46.213,c5p13.401510,5,13.40151
5,44.519,c5p13.419608,5,13.419608
5,46.893,c5p13.634063,5,13.634063
5,48.052,c5p13.780086,5,13.780086
5,49.78,c5p13.912599,5,13.912599
5,49.403,c5p14.013216,5,14.013216
5,48.74,c5p14.093327,5,14.093327
5,51.659,c5p14.132588,5,14.132588
5,51.06,c5p14.443947,5,14.443947
5,50.897,c5p14.443959,5,14.443959
5,50.747,c5p14.443977,5,14.443977
5,47.298,c5p14.580467,5,14.580467
5,52.503,c5p14.768024,5,14.768024
5,53.668,c5p15.019201,5,15.019201
5,55.112,c5p15.038451,5,15.038451
5,54.099,c5p15.101734,5,15.101734
5,56.427,c5p15.131123,5,15.131123
5,56.137,c5p15.131131,5,15.131131
5,57.131,c5p15.131143,5,15.131143
5,55.765,c5p15.256121,5,15.256121
5,58.255,c5p15.583392,5,15.583392
5,59.147,c5p15.617983,5,15.617983
5,59.609,c5p15.794236,5,15.794236
5,59.478,c5p15.794275,5,15.794275
5,60.47,c5p15.956684,5,15.956684
5,62.074,c5p15.988796,5,15.988796
5,61.986,c5p15.988813,5,15.988813
5,61.11,c5p15.992408,5,15.992408
5,61.635,c5p16.042383,5,16.042383
5,62.61,c5p16.161459,5,16.161459
5,60.202,c5p16.161747,5,16.161747
5,63.418,c5p16.366946,5,16.366946
5,63.563,c5p16.366978,5,16.366978
5,64.406,c5p16.402134,5,16.402134
5,64.803,c5p16.445463,5,16.445463
5,65.217,c5p16.463465,5,16.463465
5,66.319,c5p16.834333,5,16.834333
5,68.232,c5p16.974495,5,16.974495
5,67.308,c5p17.089349,5,17.089349
5,68.515,c5p17.112617,5,17.112617
5,67.658,c5p17.302482,5,17.302482
5,69.563,c5p17.408011,5,17.408011
5,69.042,c5p17.716156,5,17.716156
5,69.809,c5p17.810870,5,17.81087
5,71.334,c5p17.968537,5,17.968537
5,75.572,c5p18.189762,5,18.189762
5,75.461,c5p18.189780,5,18.18978
5,70.69,c5p18.456012,5,18.456012
5,70.41,c5p18.456043,5,18.456043
5,72.458,c5p18.517243,5,18.517243
5,74.261,c5p18.586540,5,18.58654
5,72.066,c5p18.742070,5,18.74207
5,71.027,c5p18.754070,5,18.75407
5,79.2,c5p18.942627,5,18.942627
5,76.535,c5p18.943429,5,18.943429
5,76.943,c5p18.943462,5,18.943462
5,74.946,c5p18.998379,5,18.998379
5,74.683,c5p19.040574,5,19.040574
5,71.741,c5p19.044517,5,19.044517
5,78.293,c5p19.116184,5,19.116184
5,73.712,c5p19.174516,5,19.174516
5,73.886,c5p19.174532,5,19.174532
5,73.259,c5p19.326269,5,19.326269
5,73.243,c5p19.326291,5,19.326291
5,77.253,c5p19.371940,5,19.37194
5,72.996,c5p19.523612,5,19.523612
5,76.07,c5p19.824666,5,19.824666
5,80.296,c5p20.234313,5,20.234313
5,77.739,c5p20.311814,5,20.311814
5,81.245,c5p20.850409,5,20.850409
8,3.927,c8p0.746298,8,0.746298
8,3.602,c8p0.746306,8,0.746306
8,1.203,c8p0.891689,8,0.891689
8,1.447,c8p0.891734,8,0.891734
8,5.259,c8p1.001856,8,1.001856
8,6.041,c8p1.009523,8,1.009523
8,8.988,c8p1.090976,8,1.090976
8,7.075,c8p1.285288,8,1.285288
8,7.418,c8p1.403172,8,1.403172
8,12.402,c8p1.741111,8,1.741111
8,10.354,c8p2.025319,8,2.025319
8,11.784,c8p2.301989,8,2.301989
8,11.792,c8p2.302029,8,2.302029
8,11.779,c8p2.302051,8,2.302051
8,19.48,c8p3.586294,8,3.586294
8,19.246,c8p3.586358,8,3.586358
8,17.602,c8p3.625221,8,3.625221
8,18.231,c8p3.712289,8,3.712289
8,20.076,c8p3.829344,8,3.829344
8,25.232,c8p3.863655,8,3.863655
8,21.075,c8p3.868287,8,3.868287
8,21.913,c8p4.281198,8,4.281198
8,26.541,c8p4.804938,8,4.804938
8,29.56,c8p4.962672,8,4.962672
8,23.302,c8p5.047071,8,5.047071
8,23.311,c8p5.047089,8,5.047089
8,23.166,c8p5.047102,8,5.047102
8,23.594,c8p5.047112,8,5.047112
8,30.88,c8p6.809869,8,6.809869
8,31.977,c8p9.940795,8,9.940795
8,31.322,c8p9.950312,8,9.950312
8,33.481,c8p10.107452,8,10.107452
8,33.17,c8p10.568963,8,10.568963
8,34.256,c8p12.195919,8,12.195919
8,34.454,c8p12.195929,8,12.195929
8,36.393,c8p12.285446,8,12.285446
8,32.827,c8p12.736716,8,12.736716
8,35.82,c8p12.931679,8,12.931679
8,35.621,c8p12.931705,8,12.931705
8,35.465,c8p12.931735,8,12.931735
8,33.71,c8p12.950733,8,12.950733
8,36.63,c8p12.952780,8,12.95278
8,37.013,c8p13.258603,8,13.258603
8,37.968,c8p13.437417,8,13.437417
8,38.143,c8p13.437475,8,13.437475
8,37.275,c8p13.549691,8,13.549691
8,37.257,c8p13.549711,8,13.549711
8,39.133,c8p13.549776,8,13.549776
8,38.386,c8p13.551059,8,13.551059
8,39.949,c8p13.583715,8,13.583715
8,38.734,c8p13.652666,8,13.652666
8,40.837,c8p13.689979,8,13.689979
8,40.48,c8p13.989885,8,13.989885
8,43.206,c8p14.073001,8,14.073001
8,42.007,c8p14.366287,8,14.366287
8,42.803,c8p14.370260,8,14.37026
8,45.043,c8p14.534329,8,14.534329
8,47.743,c8p15.006519,8,15.006519
8,48.125,c8p15.155461,8,15.155461
8,49.881,c8p15.391863,8,15.391863
8,50.673,c8p15.580004,8,15.580004
8,51.246,c8p15.601821,8,15.601821
8,53.9,c8p15.660404,8,15.660404
8,53.853,c8p15.660444,8,15.660444
8,52.608,c8p15.728149,8,15.728149
8,52.777,c8p15.806237,8,15.806237
8,53.333,c8p15.873171,8,15.873171
8,55.508,c8p15.982266,8,15.982266
8,56.351,c8p16.098788,8,16.098788
8,56.145,c8p16.098796,8,16.098796
8,56.514,c8p16.098867,8,16.098867
8,58.832,c8p16.327557,8,16.327557
8,58.169,c8p16.348421,8,16.348421
8,58.601,c8p16.348497,8,16.348497
8,59.109,c8p16.361108,8,16.361108
8,59.988,c8p16.558019,8,16.558019
8,60.888,c8p16.926605,8,16.926605
8,62.377,c8p17.080814,8,17.080814
8,62.049,c8p17.084221,8,17.084221
8,63.132,c8p17.141706,8,17.141706
8,64.879,c8p17.176022,8,17.176022
8,64.664,c8p17.176063,8,17.176063
8,62.685,c8p17.218433,8,17.218433
8,65.7,c8p17.321817,8,17.321817
8,65.3,c8p17.618318,8,17.618318
8,65.912,c8p17.717810,8,17.71781
8,66.653,c8p17.740007,8,17.740007
8,64.248,c8p17.906536,8,17.906536
8,63.896,c8p17.907347,8,17.907347
8,63.869,c8p17.907398,8,17.907398
8,66.227,c8p17.915031,8,17.915031
8,67.596,c8p18.220913,8,18.220913
8,69.042,c8p18.335099,8,18.335099
8,69.196,c8p18.335133,8,18.335133
8,69.494,c8p18.381533,8,18.381533
8,69.599,c8p18.381573,8,18.381573
8,70.036,c8p18.441442,8,18.441442
8,69.97,c8p18.441472,8,18.441472
8,70.25,c8p18.558415,8,18.558415
8,73.112,c8p18.859852,8,18.859852
8,74.103,c8p19.318646,8,19.318646
8,71.416,c8p19.341275,8,19.341275
8,74.381,c8p19.370043,8,19.370043
8,78.278,c8p19.430787,8,19.430787
8,74.617,c8p19.435692,8,19.435692
8,72.57,c8p19.932310,8,19.93231
8,76.479,c8p19.977037,8,19.977037
8,72.329,c8p20.090960,8,20.09096
8,73.636,c8p20.345759,8,20.345759
8,71.201,c8p20.391032,8,20.391032
8,72.096,c8p20.682232,8,20.682232
8,77.89,c8p21.060300,8,21.0603
8,76.677,c8p21.311071,8,21.311071
8,75.445,c8p21.355023,8,21.355023
8,84.289,c8p21.449355,8,21.449355
8,81.178,c8p21.580512,8,21.580512
8,81.783,c8p21.748267,8,21.748267
8,75.901,c8p21.775325,8,21.775325
8,75.777,c8p21.775355,8,21.775355
8,78.96,c8p21.792320,8,21.79232
8,77.015,c8p22.001379,8,22.001379
8,80.199,c8p22.158035,8,22.158035
8,79.198,c8p22.397729,8,22.397729
8,86.58,c8p22.409155,8,22.409155
8,82.057,c8p22.462922,8,22.462922
8,79.529,c8p22.496469,8,22.496469
8,80.005,c8p22.550790,8,22.55079
8,80.574,c8p22.556265,8,22.556265
8,83.878,c8p22.619032,8,22.619032
8,83.4,c8p22.643135,8,22.643135
8,83.32,c8p22.643156,8,22.643156
4,0,c4p0.114106,4,0.114106
4,1.363,c4p0.169384,4,0.169384
4,3.307,c4p0.264788,4,0.264788
4,4.937,c4p0.309500,4,0.3095
4,6.453,c4p0.398719,4,0.398719
4,7.257,c4p0.566439,4,0.566439
4,6.991,c4p0.854948,4,0.854948
4,2.467,c4p0.906690,4,0.90669
4,5.832,c4p0.999106,4,0.999106
4,7.954,c4p1.400360,4,1.40036
4,4.059,c4p1.616865,4,1.616865
4,9.489,c4p1.723802,4,1.723802
4,9.158,c4p1.726106,4,1.726106
4,10.058,c4p1.729503,4,1.729503
4,12.934,c4p1.803426,4,1.803426
4,8.7,c4p1.816061,4,1.816061
4,12.569,c4p1.823457,4,1.823457
4,16.051,c4p2.035352,4,2.035352
4,13.477,c4p2.035657,4,2.035657
4,11.075,c4p2.041843,4,2.041843
4,11.176,c4p2.041894,4,2.041894
4,10.908,c4p2.041907,4,2.041907
4,11.97,c4p2.108147,4,2.108147
4,15.197,c4p2.447662,4,2.447662
4,16.976,c4p2.522181,4,2.522181
4,14.407,c4p2.582031,4,2.582031
4,14.363,c4p2.582058,4,2.582058
4,14.489,c4p2.582088,4,2.582088
4,17.782,c4p2.837142,4,2.837142
4,18.288,c4p3.189156,4,3.189156
4,18.736,c4p3.405338,4,3.405338
4,20.263,c4p3.481521,4,3.481521
4,19.83,c4p3.597361,4,3.597361
4,19.233,c4p3.672897,4,3.672897
4,23.09,c4p3.732118,4,3.732118
4,22.734,c4p3.810436,4,3.810436
4,22.315,c4p3.995928,4,3.995928
4,23.776,c4p4.039275,4,4.039275
4,24.202,c4p4.414522,4,4.414522
4,21.962,c4p4.416340,4,4.41634
4,23.341,c4p4.804527,4,4.804527
4,25.247,c4p4.970405,4,4.970405
4,25.546,c4p5.046807,4,5.046807
4,21.285,c4p5.435596,4,5.435596
4,24.661,c4p5.435643,4,5.435643
4,26.493,c4p5.944098,4,5.944098
4,26.167,c4p5.944145,4,5.944145
4,27.265,c4p5.950782,4,5.950782
4,26.882,c4p5.950787,4,5.950787
4,27.171,c4p5.950795,4,5.950795
4,29.687,c4p6.605101,4,6.605101
4,29.359,c4p6.614909,4,6.614909
4,31.17,c4p6.666750,4,6.66675
4,31.43,c4p6.666756,4,6.666756
4,28.518,c4p6.920464,4,6.920464
4,30.145,c4p11.352514,4,11.352514
4,30.892,c4p11.375487,4,11.375487
4,30.421,c4p11.451203,4,11.451203
4,38.406,c4p11.674968,4,11.674968
4,36.422,c4p11.683170,4,11.68317
4,35.668,c4p11.808646,4,11.808646
4,37.065,c4p11.808711,4,11.808711
4,37.549,c4p11.837798,4,11.837798
4,35.39,c4p11.929414,4,11.929414
4,36.058,c4p12.039217,4,12.039217
4,33.017,c4p12.270774,4,12.270774
4,32.268,c4p12.376788,4,12.376788
4,32.249,c4p12.376791,4,12.376791
4,32.516,c4p12.376857,4,12.376857
4,34.219,c4p12.385043,4,12.385043
4,33.969,c4p12.385100,4,12.3851
4,34.901,c4p12.385769,4,12.385769
4,33.696,c4p12.443871,4,12.443871
4,39.79,c4p13.125119,4,13.125119
4,39.886,c4p13.125131,4,13.125131
4,41.575,c4p13.434116,4,13.434116
4,41.037,c4p13.483018,4,13.483018
4,43.159,c4p13.536060,4,13.53606
4,42.671,c4p13.536094,4,13.536094
4,42.844,c4p13.536103,4,13.536103
4,42.949,c4p13.536110,4,13.53611
4,44.654,c4p13.843061,4,13.843061
4,46.385,c4p14.308163,4,14.308163
4,47.437,c4p14.473869,4,14.473869
4,49.009,c4p14.803260,4,14.80326
4,50.55,c4p15.519329,4,15.519329
4,49.491,c4p15.758476,4,15.758476
4,52.595,c4p15.934622,4,15.934622
4,52.298,c4p16.637173,4,16.637173
4,51.773,c4p16.685451,4,16.685451
4,53.882,c4p16.706321,4,16.706321
4,53.506,c4p16.981109,4,16.981109
4,52.974,c4p17.014498,4,17.014498
4,51.1,c4p17.015515,4,17.015515
4,55.83,c4p18.319916,4,18.319916
4,55.405,c4p18.431537,4,18.431537
4,54.619,c4p18.719059,4,18.719059
4,56.192,c4p18.796343,4,18.796343
4,57.387,c4p18.808876,4,18.808876
4,57.58,c4p18.906594,4,18.906594
4,57.769,c4p18.906644,4,18.906644
4,56.931,c4p19.004667,4,19.004667
4,56.586,c4p19.121595,4,19.121595
4,58.717,c4p19.281504,4,19.281504
4,58.362,c4p19.295591,4,19.295591
4,58.431,c4p19.295615,4,19.295615
4,60.449,c4p19.553621,4,19.553621
4,61.904,c4p19.644851,4,19.644851
4,61.646,c4p19.729275,4,19.729275
4,61.063,c4p19.729964,4,19.729964
4,62.364,c4p19.797109,4,19.797109
4,60.821,c4p19.817636,4,19.817636
4,60.215,c4p19.863973,4,19.863973
4,59.87,c4p20.116953,4,20.116953
4,59.401,c4p20.202273,4,20.202273
4,74.091,c4p20.254516,4,20.254516
4,75.129,c4p23.176276,4,23.176276
4,65.124,c4p20.686868,4,20.686868
4,66.054,c4p20.686949,4,20.686949
4,64.671,c4p20.686967,4,20.686967
4,64.574,c4p20.686996,4,20.686996
4,64.339,c4p20.731242,4,20.731242
4,62.925,c4p20.731304,4,20.731304
4,66.799,c4p20.778981,4,20.778981
4,64.937,c4p20.786093,4,20.786093
4,63.997,c4p20.865717,4,20.865717
4,63.724,c4p20.884044,4,20.884044
4,66.35,c4p20.954804,4,20.954804
4,65.731,c4p21.018326,4,21.018326
4,65.612,c4p21.018362,4,21.018362
4,63.316,c4p21.067902,4,21.067902
4,69.6,c4p21.428917,4,21.428917
4,68.273,c4p21.467393,4,21.467393
4,67.861,c4p21.942535,4,21.942535
4,67.962,c4p21.942572,4,21.942572
4,69.264,c4p21.942691,4,21.942691
4,71.09,c4p21.997992,4,21.997992
4,71.372,c4p21.998002,4,21.998002
4,73.32,c4p22.045690,4,22.04569
4,68.888,c4p22.066869,4,22.066869
4,70.508,c4p22.111849,4,22.111849
4,69.989,c4p22.151933,4,22.151933
4,67.032,c4p22.207315,4,22.207315
4,73.827,c4p22.339049,4,22.339049
4,68.599,c4p22.422723,4,22.422723
4,70.321,c4p22.454194,4,22.454194
4,67.449,c4p22.652615,4,22.652615
4,72.101,c4p23.020884,4,23.020884
4,71.9,c4p23.020901,4,23.020901
4,74.351,c4p23.087187,4,23.087187
4,72.593,c4p23.126042,4,23.126042
4,72.939,c4p23.253794,4,23.253794
4,76.034,c4p23.286781,4,23.286781
3,6.13,c3p0.206370,3,0.20637
3,0.953,c3p0.274167,3,0.274167
3,4.501,c3p0.365645,3,0.365645
3,5.05,c3p0.555032,3,0.555032
3,6.236,c3p0.571896,3,0.571896
3,5.902,c3p0.744223,3,0.744223
3,3.985,c3p1.198419,3,1.198419
3,3.813,c3p1.422316,3,1.422316
3,1.356,c3p1.437177,3,1.437177
3,1.588,c3p1.483297,3,1.483297
3,1.68,c3p1.483329,3,1.483329
3,1.679,c3p1.483337,3,1.483337
3,8.606,c3p1.642777,3,1.642777
3,5.464,c3p1.748182,3,1.748182
3,0.289,c3p1.820425,3,1.820425
3,2.342,c3p1.847665,3,1.847665
3,2.111,c3p1.847701,3,1.847701
3,2.664,c3p1.954002,3,1.954002
3,6.817,c3p2.017667,3,2.017667
3,6.725,c3p2.273839,3,2.273839
3,8.945,c3p2.692364,3,2.692364
3,8.439,c3p2.709903,3,2.709903
3,7.443,c3p2.736113,3,2.736113
3,9.294,c3p2.776575,3,2.776575
3,7.972,c3p2.795843,3,2.795843
3,8.122,c3p2.868548,3,2.868548
3,8.257,c3p2.868555,3,2.868555
3,7.696,c3p2.942866,3,2.942866
3,7.57,c3p2.946839,3,2.946839
3,9.858,c3p2.991642,3,2.991642
3,10.004,c3p2.991651,3,2.991651
3,9.881,c3p2.991699,3,2.991699
3,7.183,c3p3.071393,3,3.071393
3,10.393,c3p3.071420,3,3.07142
3,5.758,c3p3.141394,3,3.141394
3,9.461,c3p3.196552,3,3.196552
3,10.6,c3p3.259086,3,3.259086
3,12.632,c3p3.375812,3,3.375812
3,11.838,c3p3.377189,3,3.377189
3,11.919,c3p3.377216,3,3.377216
3,11.626,c3p3.379327,3,3.379327
3,12.264,c3p3.402790,3,3.40279
3,11.244,c3p3.474474,3,3.474474
3,11.215,c3p3.474485,3,3.474485
3,11.087,c3p3.474523,3,3.474523
3,13.093,c3p3.564368,3,3.564368
3,14.248,c3p3.603304,3,3.603304
3,14.011,c3p3.654841,3,3.654841
3,13.662,c3p3.953936,3,3.953936
3,13.483,c3p3.953942,3,3.953942
3,14.977,c3p3.997329,3,3.997329
3,15.055,c3p3.997338,3,3.997338
3,14.745,c3p3.997385,3,3.997385
3,14.809,c3p3.997398,3,3.997398
3,15.322,c3p4.019143,3,4.019143
3,15.811,c3p4.042155,3,4.042155
3,14.501,c3p4.231289,3,4.231289
3,18.769,c3p4.283356,3,4.283356
3,16.762,c3p4.433756,3,4.433756
3,16.55,c3p4.433772,3,4.433772
3,16.515,c3p4.433808,3,4.433808
3,17.816,c3p4.560832,3,4.560832
3,19.923,c3p4.619425,3,4.619425
3,17.245,c3p4.630586,3,4.630586
3,18.48,c3p4.633820,3,4.63382
3,18.895,c3p4.729200,3,4.7292
3,18.336,c3p4.850201,3,4.850201
3,19.102,c3p4.879211,3,4.879211
3,18.036,c3p4.886739,3,4.886739
3,20.051,c3p4.914896,3,4.914896
3,20.28,c3p4.914917,3,4.914917
3,20.607,c3p5.024296,3,5.024296
3,19.438,c3p5.036550,3,5.03655
3,19.41,c3p5.036565,3,5.036565
3,20.815,c3p5.091370,3,5.09137
3,21.089,c3p5.122664,3,5.122664
3,21.289,c3p5.127952,3,5.127952
3,21.934,c3p5.359558,3,5.359558
3,21.546,c3p5.359594,3,5.359594
3,23.136,c3p5.448348,3,5.448348
3,23.326,c3p5.448372,3,5.448372
3,22.63,c3p5.484935,3,5.484935
3,24.724,c3p5.876985,3,5.876985
3,24.138,c3p6.468444,3,6.468444
3,25.584,c3p6.468605,3,6.468605
3,25.035,c3p6.469763,3,6.469763
3,25.163,c3p6.469778,3,6.469778
3,28.14,c3p6.761304,3,6.761304
3,27.306,c3p6.818901,3,6.818901
3,27.222,c3p6.922231,3,6.922231
3,26.924,c3p6.933384,3,6.933384
3,27.71,c3p6.966169,3,6.966169
3,29.087,c3p7.124734,3,7.124734
3,27.913,c3p7.178480,3,7.17848
3,31.32,c3p7.251379,3,7.251379
3,29.576,c3p7.342684,3,7.342684
3,29.397,c3p7.342721,3,7.342721
3,28.603,c3p7.390865,3,7.390865
3,28.493,c3p7.390916,3,7.390916
3,28.943,c3p7.430642,3,7.430642
3,29.749,c3p7.611502,3,7.611502
3,30.03,c3p7.623129,3,7.623129
3,31.075,c3p7.706823,3,7.706823
3,30.783,c3p7.707794,3,7.707794
3,34.684,c3p7.770279,3,7.770279
3,34.844,c3p7.770297,3,7.770297
3,31.542,c3p8.132160,3,8.13216
3,32.471,c3p8.316403,3,8.316403
3,33.777,c3p8.435415,3,8.435415
3,30.351,c3p8.628520,3,8.62852
3,33,c3p8.647245,3,8.647245
3,33.223,c3p8.647264,3,8.647264
3,33.111,c3p8.907733,3,8.907733
3,36.195,c3p9.023836,3,9.023836
3,32.168,c3p9.133924,3,9.133924
3,32.663,c3p9.135472,3,9.135472
3,37.058,c3p9.164056,3,9.164056
3,33.937,c3p9.241610,3,9.24161
3,37.795,c3p9.366710,3,9.36671
3,37.652,c3p9.366758,3,9.366758
3,39.882,c3p9.396066,3,9.396066
3,40.329,c3p9.610348,3,9.610348
3,38.947,c3p9.862646,3,9.862646
3,41.516,c3p9.936377,3,9.936377
3,42.889,c3p9.975284,3,9.975284
3,46.811,c3p10.698217,3,10.698217
3,47.909,c3p10.845921,3,10.845921
3,49.2,c3p10.856622,3,10.856622
3,51.595,c3p11.330830,3,11.33083
3,51.857,c3p11.330847,3,11.330847
3,52.344,c3p11.330904,3,11.330904
3,52.935,c3p11.654273,3,11.654273
3,55.706,c3p12.212964,3,12.212964
3,55.8,c3p12.212989,3,12.212989
3,55.146,c3p12.236600,3,12.2366
3,57.719,c3p13.280558,3,13.280558
3,60.159,c3p13.432942,3,13.432942
3,59.245,c3p13.432999,3,13.432999
3,57.034,c3p13.505818,3,13.505818
3,60.65,c3p13.513473,3,13.513473
3,59.858,c3p13.538625,3,13.538625
3,75.576,c3p14.157126,3,14.157126
3,62.455,c3p14.218703,3,14.218703
3,62.552,c3p14.218732,3,14.218732
3,63.055,c3p14.255353,3,14.255353
3,63.752,c3p14.395395,3,14.395395
3,63.655,c3p14.395404,3,14.395404
3,64.215,c3p14.435288,3,14.435288
3,65.155,c3p14.590845,3,14.590845
3,68.408,c3p14.717060,3,14.71706
3,67.629,c3p14.833756,3,14.833756
3,66.443,c3p15.053830,3,15.05383
3,66.344,c3p15.053843,3,15.053843
3,67.001,c3p15.056355,3,15.056355
3,67.241,c3p17.450045,3,17.450045
3,65.508,c3p17.519298,3,17.519298
3,65.438,c3p17.519323,3,17.519323
3,65.963,c3p17.628122,3,17.628122
3,69.488,c3p18.965716,3,18.965716
3,69.357,c3p18.965754,3,18.965754
3,69.404,c3p18.965772,3,18.965772
3,71.009,c3p18.965814,3,18.965814
3,70.867,c3p18.965836,3,18.965836
3,72.091,c3p19.658772,3,19.658772
3,72.286,c3p19.658782,3,19.658782
3,73.447,c3p20.037068,3,20.037068
3,72.956,c3p20.319082,3,20.319082
3,74.192,c3p20.453273,3,20.453273
3,73.973,c3p20.453285,3,20.453285
3,91.589,c3p20.630149,3,20.630149
3,91.941,c3p20.662101,3,20.662101
3,87.734,c3p20.747370,3,20.74737
3,86.273,c3p20.827626,3,20.827626
3,89.092,c3p20.875702,3,20.875702
3,89.161,c3p20.875759,3,20.875759
3,84.196,c3p20.963274,3,20.963274
3,90.704,c3p21.101411,3,21.101411
3,90.419,c3p21.101431,3,21.101431
3,89.573,c3p21.118355,3,21.118355
3,77.026,c3p21.565189,3,21.565189
3,77.125,c3p21.565197,3,21.565197
3,79.371,c3p21.926375,3,21.926375
3,77.656,c3p21.999188,3,21.999188
3,88.137,c3p22.009443,3,22.009443
3,79.015,c3p22.173549,3,22.173549
3,80.494,c3p22.225774,3,22.225774
3,80.145,c3p22.225853,3,22.225853
3,79.896,c3p22.265059,3,22.265059
3,83.026,c3p22.271734,3,22.271734
3,80.862,c3p22.278304,3,22.278304
3,82.77,c3p22.310623,3,22.310623
3,83.374,c3p22.691408,3,22.691408
3,84.413,c3p22.702687,3,22.702687
3,82.545,c3p22.793735,3,22.793735
3,83.724,c3p22.811108,3,22.811108
3,85.51,c3p22.925987,3,22.925987
3,85.41,c3p22.925996,3,22.925996
3,81.574,c3p23.624968,3,23.624968
3,88.74,c3p23.869509,3,23.869509
3,86.682,c3p23.979738,3,23.979738
7,2.552,c7p0.008612,7,0.008612
7,0.35,c7p0.085442,7,0.085442
7,2.098,c7p0.213419,7,0.213419
7,1.756,c7p0.255678,7,0.255678
7,4.707,c7p0.267742,7,0.267742
7,1.418,c7p0.327530,7,0.32753
7,3.12,c7p0.327590,7,0.32759
7,5.453,c7p0.409286,7,0.409286
7,3.496,c7p0.410863,7,0.410863
7,2.345,c7p0.427530,7,0.42753
7,4.116,c7p0.458112,7,0.458112
7,3.967,c7p0.458135,7,0.458135
7,2.924,c7p0.586853,7,0.586853
7,4.359,c7p0.605888,7,0.605888
7,6.69,c7p0.613249,7,0.613249
7,5.129,c7p0.679516,7,0.679516
7,7.214,c7p0.755872,7,0.755872
7,5.837,c7p0.820756,7,0.820756
7,4.957,c7p0.961140,7,0.96114
7,7.938,c7p0.984250,7,0.98425
7,8.038,c7p1.287197,7,1.287197
7,6.363,c7p1.481232,7,1.481232
7,6.115,c7p1.645384,7,1.645384
7,8.736,c7p1.646124,7,1.646124
7,10.647,c7p1.842560,7,1.84256
7,8.488,c7p1.858291,7,1.858291
7,10.093,c7p2.014247,7,2.014247
7,12.193,c7p2.041780,7,2.04178
7,11.053,c7p2.071364,7,2.071364
7,12.383,c7p2.081105,7,2.081105
7,9.007,c7p2.098731,7,2.098731
7,13.617,c7p2.314562,7,2.314562
7,12.015,c7p2.448283,7,2.448283
7,11.85,c7p2.448295,7,2.448295
7,11.921,c7p2.448307,7,2.448307
7,14.556,c7p2.481647,7,2.481647
7,11.448,c7p2.506830,7,2.50683
7,13.768,c7p2.532324,7,2.532324
7,13.441,c7p2.596741,7,2.596741
7,13.191,c7p2.624761,7,2.624761
7,15.369,c7p2.658699,7,2.658699
7,10.945,c7p2.752115,7,2.752115
7,14.427,c7p2.835663,7,2.835663
7,14.954,c7p2.835801,7,2.835801
7,15.077,c7p2.962395,7,2.962395
7,14.052,c7p3.043931,7,3.043931
7,13.858,c7p3.043941,7,3.043941
7,13.936,c7p3.043999,7,3.043999
7,12.849,c7p3.050541,7,3.050541
7,12.94,c7p3.050551,7,3.050551
7,12.891,c7p3.050590,7,3.05059
7,12.781,c7p3.050603,7,3.050603
7,14.235,c7p3.321436,7,3.321436
7,14.759,c7p3.385680,7,3.38568
7,15.538,c7p3.389637,7,3.389637
7,16.967,c7p3.512738,7,3.512738
7,11.203,c7p3.551780,7,3.55178
7,15.293,c7p3.587542,7,3.587542
7,17.439,c7p3.741462,7,3.741462
7,17.307,c7p3.741475,7,3.741475
7,15.77,c7p3.818664,7,3.818664
7,10.426,c7p3.989603,7,3.989603
7,20.303,c7p4.025394,7,4.025394
7,20.304,c7p4.025404,7,4.025404
7,16.411,c7p4.145325,7,4.145325
7,15.936,c7p4.228715,7,4.228715
7,18.472,c7p4.309857,7,4.309857
7,17.155,c7p4.506490,7,4.50649
7,16.775,c7p4.521161,7,4.521161
7,17.758,c7p4.602168,7,4.602168
7,17.84,c7p4.602188,7,4.602188
7,19.351,c7p4.603529,7,4.603529
7,16.606,c7p4.647735,7,4.647735
7,18.676,c7p4.700098,7,4.700098
7,18.91,c7p4.822131,7,4.822131
7,19.193,c7p4.973534,7,4.973534
7,18.035,c7p4.992046,7,4.992046
7,18.301,c7p5.037185,7,5.037185
7,20.713,c7p5.053177,7,5.053177
7,19.78,c7p5.165546,7,5.165546
7,19.585,c7p5.167865,7,5.167865
7,19.658,c7p5.167935,7,5.167935
7,21.147,c7p5.193020,7,5.19302
7,21.89,c7p6.063441,7,6.063441
7,24.071,c7p6.144311,7,6.144311
7,24.176,c7p6.144360,7,6.14436
7,25.749,c7p6.521870,7,6.52187
7,22.844,c7p6.615629,7,6.615629
7,23.381,c7p6.659614,7,6.659614
7,23.592,c7p6.712514,7,6.712514
7,23.776,c7p6.712549,7,6.712549
7,25.942,c7p6.714246,7,6.714246
7,26.124,c7p6.714255,7,6.714255
7,26.062,c7p6.714270,7,6.71427
7,28.473,c7p6.760896,7,6.760896
7,28.46,c7p6.760915,7,6.760915
7,26.415,c7p6.789610,7,6.78961
7,26.936,c7p6.951269,7,6.951269
7,25.115,c7p7.172553,7,7.172553
7,24.892,c7p7.172679,7,7.172679
7,24.612,c7p7.234552,7,7.234552
7,25.349,c7p7.236769,7,7.236769
7,26.669,c7p7.253943,7,7.253943
7,28.161,c7p7.269253,7,7.269253
7,29.773,c7p7.449039,7,7.449039
7,30.047,c7p7.666935,7,7.666935
7,31.19,c7p7.821208,7,7.821208
7,27.323,c7p8.020683,7,8.020683
7,27.451,c7p8.020716,7,8.020716
7,30.961,c7p8.112237,7,8.112237
7,30.688,c7p8.383987,7,8.383987
7,31.728,c7p8.439380,7,8.43938
7,30.407,c7p8.484107,7,8.484107
7,29.517,c7p8.490723,7,8.490723
7,32.155,c7p8.738107,7,8.738107
7,33.597,c7p9.118978,7,9.118978
7,34.137,c7p9.172901,7,9.172901
7,35.213,c7p9.201345,7,9.201345
7,35.778,c7p9.424984,7,9.424984
7,35.658,c7p9.425015,7,9.425015
7,38.25,c7p9.547739,7,9.547739
7,40.351,c7p9.763837,7,9.763837
7,38.9,c7p9.798604,7,9.798604
7,38.819,c7p9.798635,7,9.798635
7,37.303,c7p9.911703,7,9.911703
7,39.751,c7p10.103218,7,10.103218
7,39.437,c7p10.143919,7,10.143919
7,41.508,c7p10.191250,7,10.19125
7,40.704,c7p10.263984,7,10.263984
7,40.821,c7p10.264019,7,10.264019
7,40.068,c7p10.546366,7,10.546366
7,41.64,c7p10.695007,7,10.695007
7,42.663,c7p10.963319,7,10.963319
7,44.89,c7p10.975186,7,10.975186
7,42.286,c7p10.998012,7,10.998012
7,45.991,c7p11.065239,7,11.065239
7,43.612,c7p11.080404,7,11.080404
7,43.547,c7p11.080459,7,11.080459
7,45.626,c7p11.322065,7,11.322065
7,45.082,c7p11.405184,7,11.405184
7,45.42,c7p11.544804,7,11.544804
7,46.367,c7p11.655771,7,11.655771
7,46.641,c7p11.655836,7,11.655836
7,49.977,c7p11.675680,7,11.67568
7,47.282,c7p11.687270,7,11.68727
7,48.125,c7p11.904729,7,11.904729
7,48.525,c7p12.072579,7,12.072579
7,48.829,c7p12.072726,7,12.072726
7,53.976,c7p12.135114,7,12.135114
7,51.662,c7p12.381273,7,12.381273
7,53.227,c7p12.825548,7,12.825548
7,52.111,c7p12.921456,7,12.921456
7,59.041,c7p13.686254,7,13.686254
7,56.68,c7p13.721025,7,13.721025
7,58.63,c7p13.857228,7,13.857228
7,60.139,c7p13.887923,7,13.887923
7,61.067,c7p13.984977,7,13.984977
7,61.711,c7p14.174972,7,14.174972
7,63.652,c7p14.303964,7,14.303964
7,63.058,c7p14.315852,7,14.315852
7,62.206,c7p14.358976,7,14.358976
7,65.504,c7p14.468521,7,14.468521
7,64.807,c7p14.668163,7,14.668163
7,64.692,c7p14.668170,7,14.66817
7,64.558,c7p14.668225,7,14.668225
7,71.945,c7p17.816925,7,17.816925
7,69.087,c7p17.935361,7,17.935361
7,74.875,c7p17.938909,7,17.938909
7,75.644,c7p18.081951,7,18.081951
7,69.518,c7p18.142160,7,18.14216
7,70.459,c7p18.308158,7,18.308158
7,72.352,c7p18.316253,7,18.316253
7,71.281,c7p18.386764,7,18.386764
7,72.596,c7p18.732408,7,18.732408
7,73.522,c7p18.750645,7,18.750645
7,73.065,c7p18.852732,7,18.852732
7,74.565,c7p18.939075,7,18.939075
7,71.602,c7p18.998070,7,18.99807
7,75.252,c7p19.609758,7,19.609758
7,73.68,c7p19.977865,7,19.977865
7,76.12,c7p20.112358,7,20.112358
7,78.421,c7p20.726059,7,20.726059
7,95.097,c7p21.347985,7,21.347985
7,90.582,c7p21.388171,7,21.388171
7,90.263,c7p21.388231,7,21.388231
7,94.302,c7p21.774031,7,21.774031
7,93.798,c7p21.804563,7,21.804563
7,91.24,c7p21.854891,7,21.854891
7,89.898,c7p21.885467,7,21.885467
7,88.426,c7p21.885482,7,21.885482
7,88.963,c7p22.015617,7,22.015617
7,86.467,c7p22.071893,7,22.071893
7,91.887,c7p22.215409,7,22.215409
7,89.45,c7p22.456604,7,22.456604
7,88.034,c7p22.469570,7,22.46957
7,88.163,c7p22.469579,7,22.469579
7,87.178,c7p22.469683,7,22.469683
7,87.351,c7p22.469732,7,22.469732
7,86.874,c7p22.469934,7,22.469934
7,87.584,c7p22.469971,7,22.469971
7,85.16,c7p22.583669,7,22.583669
7,85.688,c7p22.704981,7,22.704981
7,84.735,c7p22.759965,7,22.759965
7,84.696,c7p22.759973,7,22.759973
7,86.138,c7p23.197405,7,23.197405
7,83.705,c7p23.330595,7,23.330595
7,83.856,c7p23.330646,7,23.330646
7,81.885,c7p23.609785,7,23.609785
7,82.464,c7p23.759913,7,23.759913
7,82.907,c7p23.759965,7,23.759965
7,80.609,c7p23.967422,7,23.967422
7,79.906,c7p24.007321,7,24.007321
7,79.662,c7p24.007341,7,24.007341
7,81.515,c7p24.050553,7,24.050553
7,79.277,c7p24.562042,7,24.562042
7,80.946,c7p24.630325,7,24.630325
6,2.252,c6p0.053584,6,0.053584
6,0.814,c6p0.262543,6,0.262543
6,1.591,c6p0.276539,6,0.276539
6,4.47,c6p0.334746,6,0.334746
6,0,c6p0.362444,6,0.362444
6,2.944,c6p0.366849,6,0.366849
6,5.398,c6p0.483469,6,0.483469
6,3.458,c6p0.483499,6,0.483499
6,3.933,c6p0.569423,6,0.569423
6,4.866,c6p0.595056,6,0.595056
6,6.405,c6p0.595748,6,0.595748
6,5.706,c6p0.634310,6,0.63431
6,7.348,c6p0.668204,6,0.668204
6,7.194,c6p0.668270,6,0.66827
6,7.394,c6p0.668279,6,0.668279
6,8.707,c6p0.751163,6,0.751163
6,6.083,c6p0.758925,6,0.758925
6,8.071,c6p1.011182,6,1.011182
6,11.229,c6p1.164240,6,1.16424
6,11.292,c6p1.164243,6,1.164243
6,11.102,c6p1.331217,6,1.331217
6,11.483,c6p1.445152,6,1.445152
6,11.508,c6p1.445185,6,1.445185
6,10.664,c6p1.463005,6,1.463005
6,13.64,c6p1.478835,6,1.478835
6,12.265,c6p1.478895,6,1.478895
6,9.969,c6p1.712288,6,1.712288
6,9.895,c6p1.712350,6,1.71235
6,12.111,c6p1.717492,6,1.717492
6,7.883,c6p1.918320,6,1.91832
6,10.158,c6p2.013688,6,2.013688
6,14.491,c6p2.023210,6,2.02321
6,13.454,c6p2.040305,6,2.040305
6,8.991,c6p2.055014,6,2.055014
6,12.836,c6p2.055148,6,2.055148
6,14.938,c6p2.179458,6,2.179458
6,10.507,c6p2.230418,6,2.230418
6,13.522,c6p2.254225,6,2.254225
6,11.976,c6p2.261303,6,2.261303
6,13.858,c6p2.467890,6,2.46789
6,13.156,c6p2.494876,6,2.494876
6,11.666,c6p2.533701,6,2.533701
6,14.064,c6p2.606550,6,2.60655
6,14.757,c6p2.638296,6,2.638296
6,15.687,c6p2.638326,6,2.638326
6,12.957,c6p2.641148,6,2.641148
6,12.966,c6p2.641192,6,2.641192
6,14.39,c6p2.641212,6,2.641212
6,9.436,c6p2.641311,6,2.641311
6,10.926,c6p2.794546,6,2.794546
6,9.18,c6p2.794645,6,2.794645
6,8.367,c6p3.067615,6,3.067615
6,8.4,c6p3.067678,6,3.067678
6,13.279,c6p3.069931,6,3.069931
6,13.325,c6p3.069938,6,3.069938
6,6.755,c6p3.114099,6,3.114099
6,6.838,c6p3.114142,6,3.114142
6,16.011,c6p3.134523,6,3.134523
6,15.779,c6p3.405506,6,3.405506
6,16.582,c6p3.441536,6,3.441536
6,15.163,c6p3.585842,6,3.585842
6,12.616,c6p3.589245,6,3.589245
6,16.427,c6p3.634120,6,3.63412
6,14.256,c6p3.693612,6,3.693612
6,16.245,c6p3.774972,6,3.774972
6,17.41,c6p3.819467,6,3.819467
6,17.461,c6p3.819483,6,3.819483
6,15.265,c6p3.844475,6,3.844475
6,15.444,c6p3.844489,6,3.844489
6,17.213,c6p4.079610,6,4.07961
6,9.55,c6p4.085153,6,4.085153
6,16.771,c6p4.086751,6,4.086751
6,16.966,c6p4.259885,6,4.259885
6,18.798,c6p4.317388,6,4.317388
6,17.814,c6p4.368589,6,4.368589
6,18.021,c6p4.371319,6,4.371319
6,17.913,c6p4.371330,6,4.37133
6,21.141,c6p4.477824,6,4.477824
6,18.514,c6p4.506524,6,4.506524
6,18.237,c6p4.554582,6,4.554582
6,19.55,c6p4.727535,6,4.727535
6,19.235,c6p4.783934,6,4.783934
6,19.987,c6p4.786035,6,4.786035
6,19.831,c6p4.786037,6,4.786037
6,20.522,c6p4.862100,6,4.8621
6,20.924,c6p4.862110,6,4.86211
6,20.62,c6p4.862145,6,4.862145
6,20.624,c6p4.862153,6,4.862153
6,21.788,c6p4.958051,6,4.958051
6,21.741,c6p4.958106,6,4.958106
6,21.467,c6p4.959311,6,4.959311
6,23.732,c6p4.977441,6,4.977441
6,22.446,c6p5.032565,6,5.032565
6,22.991,c6p5.359277,6,5.359277
6,22.053,c6p5.553779,6,5.553779
6,22.799,c6p5.582725,6,5.582725
6,23.953,c6p5.587875,6,5.587875
6,22.621,c6p5.614035,6,5.614035
6,21.988,c6p5.632173,6,5.632173
6,23.222,c6p5.694181,6,5.694181
6,23.129,c6p5.694212,6,5.694212
6,23.399,c6p5.762779,6,5.762779
6,22.248,c6p5.928264,6,5.928264
6,24.65,c6p6.318174,6,6.318174
6,25.407,c6p6.443853,6,6.443853
6,25.886,c6p6.443872,6,6.443872
6,25.103,c6p6.540135,6,6.540135
6,25.102,c6p6.540149,6,6.540149
6,24.2,c6p6.540212,6,6.540212
6,24.267,c6p6.648289,6,6.648289
6,26.097,c6p6.695546,6,6.695546
6,24.469,c6p6.714757,6,6.714757
6,25.659,c6p6.788880,6,6.78888
6,24.949,c6p6.877502,6,6.877502
6,24.841,c6p6.921824,6,6.921824
6,26.335,c6p7.079469,6,7.079469
6,26.969,c6p7.103953,6,7.103953
6,27.747,c6p7.423306,6,7.423306
6,27.598,c6p7.524309,6,7.524309
6,28.149,c6p7.832596,6,7.832596
6,28.552,c6p7.995886,6,7.995886
6,29.142,c6p8.008272,6,8.008272
6,29.015,c6p8.031749,6,8.031749
6,30.19,c6p8.031964,6,8.031964
6,29.543,c6p8.032040,6,8.03204
6,28.369,c6p8.182351,6,8.182351
6,28.83,c6p8.266063,6,8.266063
6,28.697,c6p8.266098,6,8.266098
6,29.374,c6p8.268455,6,8.268455
6,30.634,c6p8.347418,6,8.347418
6,29.847,c6p8.358929,6,8.358929
6,29.936,c6p8.358951,6,8.358951
6,31.839,c6p8.591135,6,8.591135
6,31.383,c6p8.601033,6,8.601033
6,32.757,c6p8.630875,6,8.630875
6,31.203,c6p8.669129,6,8.669129
6,32.399,c6p8.737396,6,8.737396
6,32.151,c6p8.743997,6,8.743997
6,31.543,c6p8.746680,6,8.74668
6,33.224,c6p8.803230,6,8.80323
6,40.744,c6p8.834559,6,8.834559
6,34.288,c6p8.858462,6,8.858462
6,33.869,c6p8.878439,6,8.878439
6,33.496,c6p9.066448,6,9.066448
6,34.823,c6p9.268519,6,9.268519
6,34.715,c6p9.268540,6,9.26854
6,36.046,c6p9.330624,6,9.330624
6,38.028,c6p9.525448,6,9.525448
6,38.409,c6p9.549816,6,9.549816
6,36.574,c6p9.558551,6,9.558551
6,36.307,c6p9.593956,6,9.593956
6,37.204,c6p9.669977,6,9.669977
6,35.209,c6p9.674848,6,9.674848
6,35.606,c6p9.722908,6,9.722908
6,38.993,c6p9.834815,6,9.834815
6,37.78,c6p9.834835,6,9.834835
6,40.177,c6p10.089173,6,10.089173
6,42.358,c6p10.217045,6,10.217045
6,39.829,c6p10.396229,6,10.396229
6,39.554,c6p10.421991,6,10.421991
6,44.664,c6p10.443972,6,10.443972
6,41.315,c6p10.446949,6,10.446949
6,43.031,c6p10.566952,6,10.566952
6,43.716,c6p10.648785,6,10.648785
6,46.003,c6p10.750537,6,10.750537
6,46.551,c6p10.866389,6,10.866389
6,48.132,c6p10.873130,6,10.87313
6,47.358,c6p10.873165,6,10.873165
6,52.459,c6p11.696822,6,11.696822
6,62.665,c6p19.871031,6,19.871031
6,65.206,c6p20.032325,6,20.032325
6,65.611,c6p20.032356,6,20.032356
6,65.122,c6p20.032369,6,20.032369
6,66.315,c6p20.156099,6,20.156099
6,66.743,c6p20.365778,6,20.365778
6,69.843,c6p20.455625,6,20.455625
6,68.52,c6p20.515863,6,20.515863
6,67.585,c6p20.643708,6,20.643708
6,69.194,c6p20.727999,6,20.727999
6,69.312,c6p20.728017,6,20.728017
6,70.483,c6p20.764882,6,20.764882
6,70.365,c6p20.764947,6,20.764947
6,70.52,c6p20.764957,6,20.764957
6,71.786,c6p20.773433,6,20.773433
6,71.973,c6p20.773472,6,20.773472
6,71.191,c6p20.872329,6,20.872329
6,74.85,c6p21.068788,6,21.068788
6,74.636,c6p21.069406,6,21.069406
6,74.226,c6p21.205937,6,21.205937
6,73.834,c6p21.205966,6,21.205966
6,73.737,c6p21.205977,6,21.205977
6,75.35,c6p21.211342,6,21.211342
6,75.277,c6p21.211350,6,21.21135
6,75.471,c6p21.211359,6,21.211359
6,72.883,c6p21.213279,6,21.213279
6,76.169,c6p21.244904,6,21.244904
6,78.813,c6p21.527423,6,21.527423
6,78.278,c6p21.595868,6,21.595868
6,77.244,c6p22.015015,6,22.015015
6,76.825,c6p22.015046,6,22.015046
6,77.575,c6p22.148675,6,22.148675
6,77.632,c6p22.148702,6,22.148702
6,79.377,c6p22.217603,6,22.217603
6,79.143,c6p22.251833,6,22.251833
6,78.467,c6p22.412288,6,22.412288
6,80.898,c6p22.432278,6,22.432278
6,80.175,c6p22.580209,6,22.580209
6,80.253,c6p22.580251,6,22.580251
6,77.903,c6p22.615283,6,22.615283
6,80.47,c6p22.620410,6,22.62041
6,88.842,c6p22.820710,6,22.82071
6,81.632,c6p22.823518,6,22.823518
6,81.444,c6p22.827582,6,22.827582
6,81.238,c6p22.847370,6,22.84737
6,79.587,c6p22.848818,6,22.848818
6,84.225,c6p22.848890,6,22.84889
6,84.064,c6p22.903524,6,22.903524
6,79.865,c6p22.929596,6,22.929596
6,83.779,c6p22.929668,6,22.929668
6,88.021,c6p22.929742,6,22.929742
6,83.486,c6p22.936095,6,22.936095
6,83.671,c6p22.936133,6,22.936133
6,81.822,c6p23.024871,6,23.024871
6,82.032,c6p23.024888,6,23.024888
6,84.903,c6p23.178923,6,23.178923
6,82.3,c6p23.197441,6,23.197441
6,82.667,c6p23.242897,6,23.242897
6,84.64,c6p23.267378,6,23.267378
6,82.506,c6p23.383712,6,23.383712
6,82.771,c6p23.526386,6,23.526386
6,85.183,c6p23.818625,6,23.818625
6,87.457,c6p23.874480,6,23.87448
6,83.033,c6p24.317417,6,24.317417
6,86.434,c6p24.448731,6,24.448731
6,85.719,c6p24.504615,6,24.504615
6,85.547,c6p24.504623,6,24.504623
6,87.225,c6p24.669201,6,24.669201
6,86.078,c6p24.778164,6,24.778164
6,86.809,c6p24.809185,6,24.809185
6,86.86,c6p24.809232,6,24.809232
1,0,c1p0.157012,1,0.157012
1,1.044,c1p0.197139,1,0.197139
1,5.687,c1p0.197253,1,0.197253
1,3.75,c1p0.204130,1,0.20413
1,1.426,c1p0.204209,1,0.204209
1,3.516,c1p0.266350,1,0.26635
1,3.915,c1p0.338593,1,0.338593
1,2.473,c1p0.515689,1,0.515689
1,3.295,c1p0.562166,1,0.562166
1,2.775,c1p0.579190,1,0.57919
1,6.238,c1p0.594102,1,0.594102
1,4.416,c1p0.614450,1,0.61445
1,5.366,c1p0.800344,1,0.800344
1,7.945,c1p0.817159,1,0.817159
1,7.771,c1p0.817169,1,0.817169
1,5.958,c1p0.845673,1,0.845673
1,6.618,c1p1.133965,1,1.133965
1,6.499,c1p1.204558,1,1.204558
1,6.798,c1p1.204612,1,1.204612
1,4.156,c1p1.277265,1,1.277265
1,8.529,c1p1.280688,1,1.280688
1,7.201,c1p1.282440,1,1.28244
1,7.02,c1p1.296413,1,1.296413
1,5.139,c1p1.359554,1,1.359554
1,8.212,c1p1.432961,1,1.432961
1,9.393,c1p1.836788,1,1.836788
1,9.296,c1p1.836871,1,1.836871
1,10.071,c1p2.043974,1,2.043974
1,11.295,c1p2.311605,1,2.311605
1,11.222,c1p2.311641,1,2.311641
1,11.149,c1p2.311664,1,2.311664
1,12.635,c1p2.341154,1,2.341154
1,11.432,c1p2.367875,1,2.367875
1,10.852,c1p2.464439,1,2.464439
1,12.042,c1p2.652497,1,2.652497
1,9.876,c1p2.652663,1,2.652663
1,8.968,c1p2.664452,1,2.664452
1,10.273,c1p2.685137,1,2.685137
1,11.635,c1p2.959226,1,2.959226
1,12.959,c1p3.007447,1,3.007447
1,12.484,c1p3.201742,1,3.201742
1,13.582,c1p3.385127,1,3.385127
1,13.278,c1p3.502155,1,3.502155
1,12.233,c1p3.554662,1,3.554662
1,12.799,c1p3.625087,1,3.625087
1,14.816,c1p3.681177,1,3.681177
1,13.103,c1p4.073882,1,4.073882
1,13.371,c1p4.380716,1,4.380716
1,14.482,c1p4.404898,1,4.404898
1,14.374,c1p4.404922,1,4.404922
1,14.406,c1p4.404953,1,4.404953
1,15.098,c1p4.494710,1,4.49471
1,16.866,c1p4.760758,1,4.760758
1,16.84,c1p4.760772,1,4.760772
1,16.321,c1p4.760792,1,4.760792
1,16.816,c1p4.760830,1,4.76083
1,17.07,c1p4.771650,1,4.77165
1,15.86,c1p4.800566,1,4.800566
1,16.205,c1p4.800574,1,4.800574
1,16.032,c1p4.800655,1,4.800655
1,18.915,c1p4.864961,1,4.864961
1,16.627,c1p4.950916,1,4.950916
1,15.699,c1p5.004320,1,5.00432
1,16.41,c1p5.006250,1,5.00625
1,19.234,c1p5.204645,1,5.204645
1,17.508,c1p5.271679,1,5.271679
1,18.525,c1p5.505292,1,5.505292
1,18.491,c1p5.505298,1,5.505298
1,19.821,c1p5.571003,1,5.571003
1,19.742,c1p5.571016,1,5.571016
1,17.374,c1p5.632604,1,5.632604
1,18.719,c1p5.721929,1,5.721929
1,20.718,c1p5.834447,1,5.834447
1,20.533,c1p5.838538,1,5.838538
1,21.241,c1p5.932268,1,5.932268
1,19.493,c1p5.980214,1,5.980214
1,19.576,c1p5.980284,1,5.980284
1,20.334,c1p5.980489,1,5.980489
1,20.235,c1p5.980508,1,5.980508
1,20.995,c1p6.145826,1,6.145826
1,21.689,c1p6.216833,1,6.216833
1,21.425,c1p6.216847,1,6.216847
1,23.832,c1p6.343253,1,6.343253
1,22.112,c1p6.366002,1,6.366002
1,23.126,c1p6.366098,1,6.366098
1,22.967,c1p6.367870,1,6.36787
1,23.505,c1p6.448128,1,6.448128
1,24.699,c1p6.511880,1,6.51188
1,25.888,c1p6.581208,1,6.581208
1,24.518,c1p6.638956,1,6.638956
1,23.621,c1p6.657928,1,6.657928
1,23.987,c1p6.805784,1,6.805784
1,22.751,c1p6.839061,1,6.839061
1,22.695,c1p6.839066,1,6.839066
1,22.588,c1p6.839075,1,6.839075
1,23.24,c1p6.846139,1,6.846139
1,22.899,c1p6.964905,1,6.964905
1,26.056,c1p7.138433,1,7.138433
1,26.739,c1p7.221800,1,7.2218
1,25.54,c1p7.232596,1,7.232596
1,24.168,c1p7.243473,1,7.243473
1,26.2,c1p7.248439,1,7.248439
1,27.939,c1p7.317377,1,7.317377
1,25.333,c1p7.482052,1,7.482052
1,24.923,c1p7.634483,1,7.634483
1,25.077,c1p7.832753,1,7.832753
1,25.254,c1p8.021924,1,8.021924
1,27.001,c1p8.281582,1,8.281582
1,26.478,c1p8.425964,1,8.425964
1,29.271,c1p8.494265,1,8.494265
1,27.274,c1p8.501440,1,8.50144
1,29.969,c1p8.607706,1,8.607706
1,32.377,c1p8.907766,1,8.907766
1,29.495,c1p8.935342,1,8.935342
1,28.851,c1p9.168523,1,9.168523
1,28.817,c1p9.168563,1,9.168563
1,31.555,c1p9.172970,1,9.17297
1,29.066,c1p9.218470,1,9.21847
1,29.829,c1p9.283872,1,9.283872
1,33.559,c1p9.338968,1,9.338968
1,30.182,c1p9.367733,1,9.367733
1,31.929,c1p9.409239,1,9.409239
1,31.797,c1p9.409303,1,9.409303
1,32.827,c1p9.444239,1,9.444239
1,30.477,c1p9.483266,1,9.483266
1,30.942,c1p9.672229,1,9.672229
1,31.182,c1p9.672283,1,9.672283
1,30.775,c1p9.672294,1,9.672294
1,33.112,c1p9.706258,1,9.706258
1,33.976,c1p9.908617,1,9.908617
1,33.314,c1p9.918918,1,9.918918
1,34.426,c1p10.080454,1,10.080454
1,35.778,c1p10.080594,1,10.080594
1,34.992,c1p10.153364,1,10.153364
1,36.715,c1p10.419274,1,10.419274
1,36.319,c1p10.486677,1,10.486677
1,38.2,c1p10.908296,1,10.908296
1,37.44,c1p10.938281,1,10.938281
1,37.405,c1p10.938292,1,10.938292
1,38.926,c1p10.950622,1,10.950622
1,39.519,c1p11.418515,1,11.418515
1,38.622,c1p11.421610,1,11.42161
1,38.562,c1p11.421637,1,11.421637
1,39.342,c1p11.651814,1,11.651814
1,38.041,c1p11.655915,1,11.655915
1,39.737,c1p11.728402,1,11.728402
1,44.082,c1p11.728473,1,11.728473
1,42.142,c1p11.742381,1,11.742381
1,44.289,c1p11.818167,1,11.818167
1,42.429,c1p12.062703,1,12.062703
1,42.677,c1p12.062711,1,12.062711
1,40.038,c1p12.071701,1,12.071701
1,41.55,c1p12.223167,1,12.223167
1,41.086,c1p12.223179,1,12.223179
1,41.699,c1p12.298967,1,12.298967
1,42.007,c1p12.329531,1,12.329531
1,43.38,c1p12.351213,1,12.351213
1,43.298,c1p12.351233,1,12.351233
1,40.814,c1p12.377745,1,12.377745
1,40.761,c1p12.377758,1,12.377758
1,45.241,c1p12.380416,1,12.380416
1,46.583,c1p12.436378,1,12.436378
1,42.949,c1p12.472012,1,12.472012
1,43.06,c1p12.472071,1,12.472071
1,43.597,c1p12.647928,1,12.647928
1,45.548,c1p12.648030,1,12.64803
1,45.805,c1p12.688293,1,12.688293
1,44.569,c1p12.740213,1,12.740213
1,50.3,c1p12.913426,1,12.913426
1,44.884,c1p12.942745,1,12.942745
1,47.249,c1p13.579061,1,13.579061
1,47.113,c1p13.783504,1,13.783504
1,49.274,c1p13.920102,1,13.920102
1,53.403,c1p14.829530,1,14.82953
1,54.301,c1p15.130631,1,15.130631
1,54.171,c1p15.130658,1,15.130658
1,55.854,c1p15.156273,1,15.156273
1,59.004,c1p15.431579,1,15.431579
1,57.411,c1p15.460956,1,15.460956
1,56.698,c1p15.546303,1,15.546303
1,58.351,c1p15.695182,1,15.695182
1,61.109,c1p16.016231,1,16.016231
1,61.735,c1p16.018331,1,16.018331
1,60.169,c1p16.018455,1,16.018455
1,63.487,c1p16.121035,1,16.121035
1,62.207,c1p16.156366,1,16.156366
1,62.993,c1p16.165095,1,16.165095
1,64.135,c1p16.412161,1,16.412161
1,51.469,c1p16.570713,1,16.570713
1,48.439,c1p16.648596,1,16.648596
1,66.606,c1p17.115046,1,17.115046
1,66.51,c1p17.115081,1,17.115081
1,65.794,c1p17.139427,1,17.139427
1,64.805,c1p17.344938,1,17.344938
1,66.832,c1p17.472537,1,17.472537
1,68.276,c1p17.790690,1,17.79069
1,66.123,c1p17.796159,1,17.796159
1,65.5,c1p17.802362,1,17.802362
1,68.45,c1p17.816510,1,17.81651
1,68.9,c1p21.575645,1,21.575645
1,67.917,c1p21.612460,1,21.61246
1,67.4,c1p21.888470,1,21.88847
1,74.208,c1p22.497616,1,22.497616
1,73.664,c1p22.543506,1,22.543506
1,72.222,c1p22.641950,1,22.64195
1,70.41,c1p22.710247,1,22.710247
1,73.381,c1p22.710332,1,22.710332
1,72.605,c1p22.710385,1,22.710385
1,71.368,c1p22.924547,1,22.924547
1,71.616,c1p23.031995,1,23.031995
1,69.558,c1p23.034906,1,23.034906
1,70.083,c1p23.115917,1,23.115917
1,71.111,c1p23.389050,1,23.38905
1,72.931,c1p23.393682,1,23.393682
1,72.881,c1p23.393766,1,23.393766
1,74.78,c1p23.628704,1,23.628704
1,75.109,c1p23.633273,1,23.633273
1,75.503,c1p23.697846,1,23.697846
1,75.6,c1p23.697866,1,23.697866
1,75.951,c1p23.697908,1,23.697908
1,77.155,c1p23.820148,1,23.820148
1,76.662,c1p24.029757,1,24.029757
1,79.076,c1p24.534592,1,24.534592
1,79.816,c1p24.602150,1,24.60215
1,79.558,c1p24.602204,1,24.602204
1,81.239,c1p24.895927,1,24.895927
1,80.863,c1p25.062809,1,25.062809
1,80.804,c1p25.062839,1,25.062839
1,80.704,c1p25.062875,1,25.062875
1,84.6,c1p25.213178,1,25.213178
1,83.273,c1p26.140273,1,26.140273
1,84.184,c1p26.252239,1,26.252239
1,83.681,c1p26.692397,1,26.692397
1,82.664,c1p26.695346,1,26.695346
1,88.213,c1p27.179742,1,27.179742
1,88.407,c1p27.179758,1,27.179758
1,87.24,c1p27.281292,1,27.281292
1,88.798,c1p27.281443,1,27.281443
1,86.57,c1p27.310489,1,27.310489
1,87.718,c1p27.321009,1,27.321009
1,87.66,c1p27.321048,1,27.321048
1,85.652,c1p27.324198,1,27.324198
1,85.909,c1p27.324255,1,27.324255
1,89.919,c1p27.684651,1,27.684651
1,89.83,c1p27.684663,1,27.684663
1,89.642,c1p27.684683,1,27.684683
1,90.326,c1p27.902246,1,27.902246
1,93.573,c1p28.413370,1,28.41337
1,93.367,c1p28.479624,1,28.479624
1,92.188,c1p28.514816,1,28.514816
1,95.151,c1p28.843984,1,28.843984
1,92.753,c1p29.073714,1,29.073714
1,95.707,c1p29.197793,1,29.197793
1,97.816,c1p29.347797,1,29.347797
1,96.056,c1p29.388248,1,29.388248
1,99.694,c1p29.431191,1,29.431191
1,98.801,c1p29.533198,1,29.533198
1,98.922,c1p29.533225,1,29.533225
1,96.353,c1p29.566012,1,29.566012
1,97.362,c1p29.645024,1,29.645024
1,97.353,c1p29.645048,1,29.645048
1,96.64,c1p29.656645,1,29.656645
1,101.705,c1p29.677327,1,29.677327
1,100.884,c1p29.762864,1,29.762864
1,101.007,c1p29.762877,1,29.762877
1,100.117,c1p29.784819,1,29.784819